date,temp__chronos,temp__climatology,temp__blend,temp__q10,temp__q90,hum__chronos,hum__climatology,hum__blend,hum__q10,hum__q90,rain__chronos_daily,rain__chronos_weekly,rain__climatology,rain__blend
01-01-2025,26.097,25.479,25.788,24.703,27.568,67.692,67.258,67.475,62.051,73.445,0.086,0.052,0,0.026
02-01-2025,26.065,25.465,25.765,24.678,27.549,67.729,67.235,67.482,62.097,73.559,0.072,0.052,0,0.026
03-01-2025,26.093,25.491,25.792,24.679,27.574,67.803,67.238,67.521,62.048,73.556,0.073,0.052,0,0.026
04-01-2025,26.087,25.537,25.812,24.705,27.555,67.814,67.238,67.526,62.168,73.705,0.064,0.052,0,0.026
05-01-2025,26.071,25.571,25.821,24.7,27.541,67.824,67.258,67.541,62.13,73.667,0.07,0.052,0,0.026
06-01-2025,26.089,25.587,25.838,24.697,27.559,67.822,67.188,67.505,62.175,73.739,0.071,0.052,0,0.026
07-01-2025,26.111,25.636,25.874,24.719,27.576,67.847,67.252,67.55,62.182,73.73,0.065,0.052,0,0.026
08-01-2025,26.126,25.658,25.892,24.764,27.575,67.881,67.342,67.611,62.277,73.761,0.062,0.049,0,0.025
09-01-2025,26.162,25.685,25.923,24.778,27.607,67.92,67.431,67.675,62.317,73.787,0.07,0.049,0,0.025
10-01-2025,26.184,25.747,25.965,24.802,27.598,67.943,67.567,67.755,62.357,73.767,0.074,0.049,0,0.025
11-01-2025,26.195,25.752,25.974,24.828,27.587,68.072,67.565,67.818,62.385,73.934,0.073,0.049,0,0.025
12-01-2025,26.216,25.784,26,24.863,27.609,68.112,67.578,67.845,62.514,73.986,0.076,0.049,0,0.025
13-01-2025,26.244,25.814,26.029,24.896,27.638,68.109,67.557,67.833,62.555,73.929,0.079,0.049,0,0.025
14-01-2025,26.269,25.85,26.059,24.891,27.716,68.062,67.673,67.868,62.486,73.881,0.074,0.049,0,0.025
15-01-2025,26.296,25.845,26.071,24.924,27.701,68.126,67.629,67.878,62.511,73.991,0.074,0.051,0,0.025
16-01-2025,26.367,25.832,26.099,24.944,27.731,68.227,67.724,67.976,62.489,74.054,0.072,0.051,0,0.025
17-01-2025,26.353,25.882,26.118,24.952,27.793,68.226,67.789,68.007,62.455,74.053,0.081,0.051,0,0.025
18-01-2025,26.367,25.936,26.152,24.974,27.823,68.272,67.82,68.046,62.509,74.074,0.07,0.051,0,0.025
19-01-2025,26.409,25.979,26.194,24.99,27.847,68.346,67.865,68.105,62.484,74.063,0.072,0.051,0,0.025
20-01-2025,26.423,26.009,26.216,25.047,27.841,68.304,67.927,68.115,62.606,74.178,0.065,0.051,0,0.025
21-01-2025,26.439,26.019,26.229,25.06,27.893,68.302,67.994,68.148,62.577,74.145,0.07,0.051,0,0.025
22-01-2025,26.479,26.048,26.264,25.083,27.92,68.349,68.019,68.184,62.661,74.231,0.066,0.053,0,0.026
23-01-2025,26.5,26.062,26.281,25.092,27.938,68.385,68.04,68.212,62.633,74.304,0.064,0.053,0,0.026
24-01-2025,26.518,26.079,26.298,25.154,27.945,68.381,68.076,68.229,62.723,74.247,0.062,0.053,0,0.026
25-01-2025,26.562,26.087,26.325,25.175,27.997,68.452,68.055,68.253,62.743,74.266,0.072,0.053,0,0.026
26-01-2025,26.596,26.104,26.35,25.217,28.012,68.416,68.164,68.29,62.786,74.214,0.078,0.053,0,0.026
27-01-2025,26.635,26.162,26.398,25.245,28.01,68.546,68.322,68.434,62.759,74.368,0.075,0.053,0,0.026
28-01-2025,26.668,26.214,26.441,25.297,28.073,68.58,68.397,68.489,62.914,74.398,0.081,0.053,0,0.026
29-01-2025,26.694,26.239,26.466,25.337,28.112,68.58,68.497,68.538,62.935,74.4,0.078,0.05,0,0.025
30-01-2025,26.717,26.268,26.492,25.352,28.172,68.571,68.518,68.544,62.904,74.378,0.073,0.05,0,0.025
31-01-2025,26.746,26.286,26.516,25.398,28.143,68.618,68.521,68.57,62.912,74.484,0.079,0.05,0,0.025
01-02-2025,26.83,26.333,26.581,25.438,28.192,68.736,68.549,68.643,62.901,74.464,0.078,0.05,0,0.025
02-02-2025,26.872,26.386,26.629,25.541,28.252,68.71,68.642,68.676,62.916,74.523,0.076,0.05,0,0.025
03-02-2025,26.907,26.433,26.67,25.567,28.291,68.718,68.788,68.753,62.893,74.489,0.067,0.05,0,0.025
04-02-2025,26.949,26.47,26.709,25.585,28.317,68.773,68.747,68.76,62.88,74.452,0.068,0.05,0,0.025
05-02-2025,26.967,26.509,26.738,25.632,28.333,68.691,68.839,68.765,62.949,74.524,0.061,0.048,0,0.024
06-02-2025,26.995,26.561,26.778,25.665,28.38,68.699,68.911,68.805,62.931,74.519,0.066,0.048,0,0.024
07-02-2025,27.033,26.61,26.822,25.691,28.431,68.712,68.81,68.761,62.961,74.531,0.059,0.048,0,0.024
08-02-2025,27.075,26.642,26.858,25.729,28.452,68.693,68.756,68.725,62.893,74.56,0.053,0.048,0,0.024
09-02-2025,27.099,26.659,26.879,25.778,28.465,68.657,68.724,68.691,62.99,74.505,0.052,0.048,0,0.024
10-02-2025,27.153,26.693,26.923,25.815,28.526,68.704,68.699,68.702,62.973,74.515,0.066,0.048,0,0.024
11-02-2025,27.164,26.737,26.951,25.857,28.539,68.645,68.768,68.707,62.988,74.462,0.071,0.048,0,0.024
12-02-2025,27.225,26.799,27.012,25.889,28.588,68.728,68.777,68.753,62.96,74.553,0.07,0.048,0,0.024
13-02-2025,27.277,26.851,27.064,25.931,28.649,68.741,68.73,68.736,63.093,74.588,0.074,0.048,0,0.024
14-02-2025,27.307,26.874,27.09,25.967,28.693,68.685,68.773,68.729,63.078,74.528,0.074,0.048,0,0.024
15-02-2025,27.331,26.93,27.131,26.006,28.722,68.634,68.791,68.713,62.997,74.488,0.068,0.048,0,0.024
16-02-2025,27.37,26.97,27.17,26.064,28.739,68.649,68.687,68.668,62.961,74.598,0.073,0.048,0,0.024
17-02-2025,27.419,27.006,27.212,26.101,28.771,68.649,68.619,68.634,62.897,74.524,0.071,0.048,0,0.024
18-02-2025,27.443,27.037,27.24,26.123,28.815,68.581,68.518,68.549,62.873,74.363,0.079,0.048,0,0.024
19-02-2025,27.487,27.086,27.287,26.163,28.866,68.557,68.46,68.509,62.786,74.306,0.068,0.047,0,0.024
20-02-2025,27.532,27.129,27.331,26.209,28.882,68.557,68.415,68.486,62.711,74.222,0.067,0.047,0,0.024
21-02-2025,27.548,27.191,27.37,26.217,28.939,68.46,68.405,68.433,62.795,74.304,0.065,0.047,0,0.024
22-02-2025,27.604,27.232,27.418,26.28,28.96,68.427,68.328,68.378,62.761,74.23,0.068,0.047,0,0.024
23-02-2025,27.658,27.289,27.473,26.31,29.034,68.428,68.299,68.363,62.76,74.277,0.064,0.047,0,0.024
24-02-2025,27.716,27.306,27.511,26.393,29.068,68.404,68.318,68.361,62.721,74.298,0.063,0.047,0,0.024
25-02-2025,27.766,27.356,27.561,26.435,29.107,68.359,68.267,68.313,62.788,74.203,0.057,0.047,0,0.024
26-02-2025,27.808,27.403,27.606,26.48,29.145,68.405,68.248,68.326,62.791,74.215,0.068,0.054,0,0.027
27-02-2025,27.831,27.407,27.619,26.517,29.168,68.333,68.122,68.227,62.77,74.126,0.072,0.054,0,0.027
28-02-2025,27.859,27.452,27.655,26.548,29.208,68.395,68.089,68.242,62.731,74.227,0.075,0.054,0,0.027
01-03-2025,27.913,27.52,27.716,26.589,29.249,68.354,68.106,68.23,62.803,74.215,0.077,0.054,0,0.027
02-03-2025,27.96,27.562,27.761,26.594,29.302,68.294,68.002,68.148,62.777,74.135,0.077,0.054,0,0.027
03-03-2025,28.013,27.623,27.818,26.665,29.314,68.217,68.033,68.125,62.642,74.078,0.074,0.054,0,0.027
04-03-2025,28.031,27.666,27.848,26.725,29.39,68.165,68.036,68.101,62.6,74.029,0.077,0.054,0,0.027
05-03-2025,28.073,27.73,27.902,26.762,29.386,68.173,67.785,67.979,62.558,74.021,0.075,0.05,0,0.025
06-03-2025,28.114,27.756,27.935,26.811,29.497,68.113,67.711,67.912,62.406,73.975,0.052,0.05,0,0.025
07-03-2025,28.176,27.799,27.988,26.874,29.511,68.055,67.754,67.904,62.338,73.927,0.048,0.05,0,0.025
08-03-2025,28.216,27.83,28.023,26.922,29.53,68.104,67.727,67.915,62.293,73.852,0.048,0.05,0,0.025
09-03-2025,28.258,27.881,28.07,26.946,29.603,68.01,67.768,67.889,62.38,73.914,0.041,0.05,0,0.025
10-03-2025,28.31,27.913,28.112,26.98,29.639,67.945,67.771,67.858,62.314,73.764,0.049,0.05,0,0.025
11-03-2025,28.354,27.989,28.172,27.049,29.678,67.945,67.718,67.832,62.306,73.853,0.043,0.05,0,0.025
12-03-2025,28.414,28.044,28.229,27.115,29.725,67.954,67.637,67.795,62.28,73.834,0.039,0.044,0,0.022
13-03-2025,28.474,28.068,28.271,27.145,29.806,67.888,67.617,67.752,62.366,73.702,0.04,0.044,0,0.022
14-03-2025,28.517,28.122,28.32,27.21,29.811,67.849,67.578,67.714,62.338,73.651,0.053,0.044,0,0.022
15-03-2025,28.564,28.171,28.368,27.239,29.908,67.832,67.596,67.714,62.302,73.633,0.056,0.044,0,0.022
16-03-2025,28.621,28.2,28.41,27.301,29.949,67.832,67.587,67.709,62.276,73.664,0.055,0.044,0,0.022
17-03-2025,28.666,28.251,28.458,27.336,29.97,67.807,67.462,67.634,62.361,73.608,0.06,0.044,0,0.022
18-03-2025,28.708,28.294,28.501,27.369,30.025,67.756,67.539,67.647,62.319,73.599,0.056,0.044,0,0.022
19-03-2025,28.759,28.342,28.55,27.417,30.055,67.723,67.592,67.658,62.195,73.58,0.043,0.048,0,0.024
20-03-2025,28.811,28.395,28.603,27.491,30.131,67.664,67.675,67.669,62.123,73.461,0.052,0.048,0,0.024
21-03-2025,28.863,28.454,28.659,27.533,30.162,67.634,67.693,67.663,62.102,73.395,0.056,0.048,0,0.024
22-03-2025,28.941,28.518,28.729,27.592,30.288,67.686,67.673,67.68,62.003,73.517,0.071,0.048,0,0.024
23-03-2025,28.986,28.561,28.773,27.666,30.335,67.67,67.72,67.695,61.967,73.571,0.065,0.048,0,0.024
24-03-2025,29.048,28.585,28.816,27.734,30.369,67.713,67.62,67.666,61.91,73.493,0.061,0.048,0,0.024
25-03-2025,29.072,28.653,28.862,27.775,30.393,67.618,67.747,67.683,61.987,73.58,0.059,0.048,0,0.024
26-03-2025,29.12,28.716,28.918,27.801,30.487,67.55,67.775,67.663,61.901,73.397,0.059,0.06,0,0.03
27-03-2025,29.198,28.765,28.981,27.882,30.523,67.562,67.877,67.719,61.935,73.48,0.059,0.06,0,0.03
28-03-2025,29.256,28.808,29.032,27.923,30.548,67.553,67.914,67.733,61.923,73.435,0.055,0.06,0,0.03
29-03-2025,29.303,28.868,29.086,27.99,30.612,67.521,67.963,67.742,62.008,73.362,0.056,0.06,0,0.03
30-03-2025,29.374,28.941,29.157,28.045,30.667,67.539,67.969,67.754,62.032,73.378,0.064,0.06,0,0.03
31-03-2025,29.408,28.988,29.198,28.083,30.734,67.56,67.996,67.778,62.023,73.396,0.063,0.06,0,0.03
01-04-2025,29.468,29.034,29.251,28.134,30.772,67.582,68.006,67.794,62.035,73.438,0.065,0.06,0,0.03
02-04-2025,29.505,29.083,29.294,28.161,30.818,67.58,67.963,67.772,62.128,73.45,0.069,0.061,0,0.03
03-04-2025,29.561,29.128,29.344,28.222,30.867,67.546,67.878,67.712,62.122,73.441,0.068,0.061,0,0.03
04-04-2025,29.602,29.196,29.399,28.289,30.924,67.51,67.823,67.667,62.013,73.424,0.063,0.061,0,0.03
05-04-2025,29.647,29.237,29.442,28.346,30.961,67.464,68.025,67.744,61.943,73.307,0.062,0.061,0,0.03
06-04-2025,29.696,29.307,29.502,28.376,31.016,67.433,68.084,67.759,61.918,73.239,0.07,0.061,0,0.03
07-04-2025,29.759,29.342,29.551,28.388,31.081,67.508,68.019,67.764,61.933,73.365,0.082,0.061,0,0.03
08-04-2025,29.788,29.401,29.594,28.449,31.141,67.563,67.856,67.709,61.977,73.521,0.069,0.061,0,0.03
09-04-2025,29.845,29.46,29.653,28.521,31.199,67.593,67.878,67.736,61.907,73.464,0.064,0.053,0,0.026
10-04-2025,29.905,29.509,29.707,28.567,31.206,67.58,67.916,67.748,62.026,73.584,0.066,0.053,0,0.026
11-04-2025,29.94,29.548,29.744,28.61,31.292,67.553,67.992,67.772,61.977,73.404,0.066,0.053,0,0.026
12-04-2025,29.988,29.603,29.795,28.628,31.297,67.597,68.102,67.85,62.02,73.522,0.067,0.053,0,0.026
13-04-2025,30.023,29.648,29.835,28.691,31.325,67.629,68.107,67.868,62.075,73.485,0.062,0.053,0,0.026
14-04-2025,30.09,29.704,29.897,28.77,31.389,67.601,68.199,67.9,62.157,73.373,0.062,0.053,0,0.026
15-04-2025,30.131,29.746,29.939,28.816,31.459,67.66,68.187,67.924,62.168,73.46,0.071,0.053,0,0.026
16-04-2025,30.172,29.82,29.996,28.849,31.506,67.692,68.219,67.955,62.169,73.505,0.073,0,0,0
17-04-2025,30.219,29.882,30.05,28.91,31.525,67.755,68.305,68.03,62.204,73.58,0.067,0,0,0
18-04-2025,30.256,29.927,30.091,28.932,31.566,67.742,68.344,68.043,62.278,73.628,0.072,0.058,0.061,0.059
19-04-2025,30.311,29.984,30.147,28.969,31.595,67.745,68.332,68.038,62.32,73.644,0.075,0.058,0.061,0.059
20-04-2025,30.325,30.043,30.184,29.046,31.619,67.728,68.313,68.02,62.223,73.658,0.07,0.086,0.089,0.088
21-04-2025,30.361,30.087,30.224,29.076,31.651,67.721,68.391,68.056,62.203,73.602,0.073,0.123,0.128,0.125
22-04-2025,30.426,30.12,30.273,29.091,31.716,67.825,68.451,68.138,62.201,73.675,0.077,0.123,0.128,0.125
23-04-2025,30.416,30.163,30.289,29.043,31.741,67.981,68.369,68.175,62.401,73.818,0.102,0.289,0.128,0.208
24-04-2025,30.456,30.232,30.344,29.103,31.753,68.06,68.573,68.317,62.504,73.944,0.085,0.368,0.163,0.265
25-04-2025,30.469,30.231,30.35,29.124,31.798,68.15,68.561,68.356,62.485,73.938,0.075,0.444,0.196,0.32
26-04-2025,30.495,30.254,30.375,29.152,31.804,68.159,68.658,68.409,62.623,74.093,0.078,0.444,0.196,0.32
27-04-2025,30.525,30.281,30.403,29.181,31.852,68.206,68.611,68.409,62.638,74.021,0.089,0.511,0.226,0.369
28-04-2025,30.556,30.341,30.448,29.193,31.868,68.293,68.805,68.549,62.747,74.174,0.086,0.631,0.279,0.455
29-04-2025,30.574,30.39,30.482,29.244,31.866,68.372,68.904,68.638,62.796,74.233,0.084,0.723,0.32,0.521
30-04-2025,30.629,30.426,30.527,29.3,31.918,68.368,69.004,68.686,62.903,74.129,0.086,0.552,0.447,0.499
01-05-2025,30.653,30.474,30.564,29.325,31.992,68.486,69.085,68.785,62.967,74.258,0.101,0.574,0.465,0.52
02-05-2025,30.686,30.511,30.598,29.352,31.997,68.533,69.181,68.857,63.049,74.271,0.095,0.574,0.465,0.52
03-05-2025,30.717,30.536,30.627,29.401,32.015,68.677,69.393,69.035,63.101,74.423,0.1,0.574,0.465,0.52
04-05-2025,30.746,30.542,30.644,29.411,32.04,68.754,69.459,69.106,63.252,74.532,0.121,0.627,0.507,0.567
05-05-2025,30.768,30.528,30.648,29.412,32.045,68.858,69.686,69.272,63.4,74.603,0.128,0.786,0.636,0.711
06-05-2025,30.769,30.575,30.672,29.47,32.047,68.918,69.927,69.422,63.417,74.646,0.138,0.829,0.671,0.75
07-05-2025,30.796,30.568,30.682,29.501,32.073,68.97,69.969,69.47,63.376,74.89,0.164,0.964,0.684,0.824
08-05-2025,30.863,30.609,30.736,29.525,32.144,69.17,70.108,69.639,63.469,74.857,0.182,0.964,0.684,0.824
09-05-2025,30.849,30.628,30.738,29.511,32.172,69.469,70.311,69.89,63.8,75.301,0.73,1.024,0.727,0.875
10-05-2025,30.877,30.646,30.761,29.541,32.169,69.619,70.368,69.993,63.863,75.389,0.727,1.048,0.744,0.896
11-05-2025,30.889,30.689,30.789,29.554,32.18,69.722,70.552,70.137,63.954,75.443,0.716,1.048,0.744,0.896
12-05-2025,30.888,30.707,30.797,29.589,32.188,69.733,70.773,70.253,64.126,75.567,0.764,1.048,0.744,0.896
13-05-2025,30.905,30.728,30.816,29.605,32.208,69.91,70.925,70.418,64.311,75.672,0.856,1.151,0.817,0.984
14-05-2025,30.939,30.763,30.851,29.627,32.227,70.057,70.999,70.528,64.428,75.792,0.895,1.304,0.817,1.06
15-05-2025,30.954,30.794,30.874,29.666,32.224,70.205,71.088,70.646,64.545,75.908,0.958,1.304,0.817,1.06
16-05-2025,30.999,30.825,30.912,29.718,32.263,70.343,71.247,70.795,64.743,76.104,1.122,1.304,0.817,1.06
17-05-2025,31.023,30.822,30.922,29.729,32.32,70.574,71.456,71.015,64.927,76.145,1.223,2.044,1.281,1.663
18-05-2025,31.05,30.855,30.952,29.772,32.324,70.66,71.604,71.132,65.114,76.354,1.222,2.509,1.573,2.041
19-05-2025,31.065,30.884,30.974,29.783,32.326,70.765,71.713,71.239,65.221,76.44,1.312,2.9,1.818,2.359
20-05-2025,31.092,30.924,31.008,29.808,32.342,70.977,71.868,71.422,65.396,76.589,1.432,3.724,2.334,3.029
21-05-2025,31.11,30.908,31.009,29.79,32.362,71.104,72.118,71.611,65.515,76.787,1.689,4.086,3.57,3.828
22-05-2025,31.123,30.916,31.019,29.839,32.37,71.315,72.247,71.781,65.722,76.882,2.063,4.073,3.558,3.815
23-05-2025,31.14,30.91,31.025,29.87,32.391,71.434,72.439,71.936,65.865,77.05,2.459,4.145,3.621,3.883
24-05-2025,31.181,30.93,31.055,29.888,32.452,71.561,72.797,72.179,65.986,77.122,2.617,4.303,3.759,4.031
25-05-2025,31.189,30.98,31.085,29.873,32.502,71.934,72.896,72.415,66.465,77.605,3.145,4.969,4.341,4.655
26-05-2025,31.218,31.03,31.124,29.898,32.478,72.107,73.105,72.606,66.634,77.73,3.411,5.083,4.44,4.762
27-05-2025,31.256,31.077,31.166,29.934,32.479,72.29,73.284,72.787,66.773,77.885,3.653,5.928,5.179,5.553
28-05-2025,31.245,31.137,31.191,29.968,32.52,72.457,73.511,72.984,66.848,78.096,3.967,6.666,5.678,6.172
29-05-2025,31.252,31.164,31.208,29.961,32.509,72.674,73.71,73.192,67.134,78.375,4.646,6.747,5.748,6.248
30-05-2025,31.279,31.176,31.228,29.983,32.541,72.875,73.896,73.386,67.26,78.508,5.298,7.711,6.568,7.14
31-05-2025,31.281,31.166,31.224,30.015,32.525,73.096,74.18,73.638,67.581,78.619,5.809,7.832,6.671,7.252
01-06-2025,31.326,31.177,31.252,30.061,32.558,73.305,74.445,73.875,67.76,78.868,5.937,8.212,6.995,7.604
02-06-2025,31.353,31.188,31.271,30.07,32.594,73.53,74.699,74.115,68.016,79.044,6.225,8.614,7.338,7.976
03-06-2025,31.38,31.198,31.289,30.117,32.603,73.666,74.983,74.324,68.145,79.327,6.548,8.835,7.526,8.18
04-06-2025,31.388,31.252,31.32,30.118,32.613,73.939,75.181,74.56,68.389,79.564,7.049,8.686,7.838,8.262
05-06-2025,31.416,31.272,31.344,30.147,32.633,74.107,75.282,74.694,68.505,79.762,7.267,9.133,8.241,8.687
06-06-2025,31.412,31.288,31.35,30.116,32.642,74.338,75.384,74.861,68.641,79.968,8.169,9.26,8.356,8.808
07-06-2025,31.426,31.309,31.367,30.143,32.625,74.519,75.579,75.049,68.852,80.171,8.188,9.634,8.693,9.163
08-06-2025,31.435,31.322,31.378,30.17,32.643,74.659,75.827,75.243,69.02,80.33,8.128,9.875,8.911,9.393
09-06-2025,31.461,31.329,31.395,30.179,32.709,74.838,76.108,75.473,69.207,80.581,8.03,10.465,9.443,9.954
10-06-2025,31.496,31.319,31.408,30.19,32.798,75.389,76.37,75.879,70.001,80.976,9.468,10.809,9.753,10.281
11-06-2025,31.527,31.328,31.427,30.171,32.784,75.536,76.533,76.034,70.222,81.275,9.058,10.002,10.08,10.041
12-06-2025,31.539,31.338,31.439,30.196,32.751,75.831,76.751,76.291,70.487,81.54,9.354,10.718,10.801,10.76
13-06-2025,31.527,31.366,31.446,30.222,32.8,76.012,76.925,76.469,70.666,81.611,9.648,11.181,11.268,11.224
14-06-2025,31.515,31.385,31.45,30.179,32.763,76.268,77.181,76.724,70.94,81.91,10.324,11.292,11.379,11.335
15-06-2025,31.538,31.362,31.45,30.23,32.793,76.47,77.424,76.947,71.125,82.074,10.935,11.515,11.604,11.559
16-06-2025,31.53,31.382,31.456,30.247,32.761,76.745,77.573,77.159,71.359,82.213,11.223,11.916,12.009,11.963
17-06-2025,31.565,31.39,31.477,30.276,32.792,76.995,77.687,77.341,71.631,82.491,11.195,11.575,11.664,11.619
18-06-2025,31.582,31.363,31.472,30.267,32.807,77.281,77.918,77.6,72.011,82.8,11.129,13.032,11.531,12.281
19-06-2025,31.599,31.353,31.476,30.333,32.802,77.497,78.044,77.77,72.182,83,11.625,12.939,11.449,12.194
20-06-2025,31.596,31.339,31.468,30.308,32.814,77.722,78.368,78.045,72.408,83.151,11.708,12.554,11.108,11.831
21-06-2025,31.605,31.367,31.486,30.344,32.802,77.907,78.457,78.182,72.486,83.419,11.52,11.661,10.318,10.99
22-06-2025,31.581,31.347,31.464,30.298,32.802,78.161,78.716,78.439,72.72,83.632,12.079,11.888,10.519,11.203
23-06-2025,31.586,31.349,31.467,30.302,32.765,78.276,79.048,78.662,73.031,83.714,12.226,12.09,10.697,11.393
24-06-2025,31.584,31.335,31.459,30.331,32.778,78.489,79.223,78.856,73.211,83.893,12.525,12.503,11.063,11.783
25-06-2025,31.59,31.303,31.446,30.328,32.818,78.759,79.444,79.101,73.367,84.198,12.505,12.654,10.564,11.609
26-06-2025,31.581,31.292,31.437,30.261,32.871,79.341,79.605,79.473,74.135,84.528,12.717,13.197,11.018,12.107
27-06-2025,31.58,31.265,31.422,30.218,32.835,79.526,79.789,79.658,74.358,84.631,12.385,12.775,10.665,11.72
28-06-2025,31.575,31.239,31.407,30.229,32.786,79.659,80.006,79.832,74.443,84.84,12.502,13.156,10.984,12.07
29-06-2025,31.553,31.243,31.398,30.237,32.817,79.796,80.118,79.957,74.642,85.014,13.086,13.654,11.399,12.527
30-06-2025,31.532,31.209,31.371,30.185,32.78,79.95,80.201,80.076,74.839,85.112,13.033,12.78,10.67,11.725
01-07-2025,31.538,31.183,31.36,30.207,32.8,80.145,80.3,80.223,74.998,85.284,13.107,14.072,11.748,12.91
02-07-2025,31.52,31.159,31.339,30.225,32.75,80.317,80.38,80.348,75.216,85.442,13.19,14.117,12.239,13.178
03-07-2025,31.536,31.139,31.338,30.227,32.762,80.619,80.501,80.56,75.433,85.719,13.177,14.39,12.476,13.433
04-07-2025,31.537,31.137,31.337,30.202,32.767,80.834,80.548,80.691,75.665,85.984,13.147,14.453,12.531,13.492
05-07-2025,31.541,31.124,31.333,30.243,32.752,81.041,80.701,80.871,75.952,86.126,13.554,14.193,12.306,13.249
06-07-2025,31.521,31.121,31.321,30.215,32.74,81.226,80.941,81.083,76.093,86.359,13.294,14.178,12.292,13.235
07-07-2025,31.517,31.092,31.304,30.227,32.719,81.411,81.097,81.254,76.221,86.523,12.866,14.066,12.195,13.131
08-07-2025,31.484,31.088,31.286,30.146,32.701,81.485,81.128,81.306,76.207,86.623,13.536,14.026,12.161,13.093
09-07-2025,31.453,31.054,31.254,30.144,32.657,81.626,81.341,81.483,76.472,86.646,13.817,14.957,12.453,13.705
10-07-2025,31.44,31.04,31.24,30.134,32.65,81.785,81.457,81.621,76.55,86.857,14.073,14.55,12.114,13.332
11-07-2025,31.441,31.028,31.234,30.119,32.654,81.864,81.608,81.736,76.524,86.979,14.109,15.426,12.843,14.135
12-07-2025,31.339,30.993,31.166,29.976,32.642,82.186,81.69,81.938,77.085,87.322,14.148,15.442,12.856,14.149
13-07-2025,31.322,30.97,31.146,29.923,32.608,82.336,81.599,81.968,77.179,87.284,13.879,14.818,12.337,13.578
14-07-2025,31.3,30.912,31.106,29.929,32.537,82.402,81.725,82.063,77.214,87.166,13.749,15.322,12.756,14.039
15-07-2025,31.26,30.867,31.063,29.904,32.552,82.385,81.845,82.115,77.325,87.393,14.501,15.616,13.001,14.309
16-07-2025,31.229,30.859,31.044,29.857,32.513,82.413,82.002,82.208,77.332,87.336,14.697,14.336,13.119,13.728
17-07-2025,31.211,30.815,31.013,29.838,32.512,82.557,82.173,82.365,77.502,87.526,15.048,14.122,12.923,13.522
18-07-2025,31.177,30.766,30.972,29.853,32.439,82.665,82.344,82.505,77.643,87.598,14.922,15.57,14.249,14.91
19-07-2025,31.178,30.732,30.955,29.835,32.444,82.86,82.506,82.683,77.744,87.732,15.305,16.092,14.726,15.409
20-07-2025,31.148,30.721,30.934,29.786,32.443,82.971,82.708,82.84,77.863,87.788,15.152,16.259,14.879,15.569
21-07-2025,31.128,30.671,30.899,29.786,32.4,83.02,82.718,82.869,78.028,87.789,15.657,16.297,14.914,15.605
22-07-2025,31.076,30.639,30.857,29.75,32.351,83.092,82.859,82.976,78.01,87.987,15.153,17.636,16.139,16.888
23-07-2025,31.047,30.613,30.83,29.727,32.307,83.087,82.917,83.002,78.006,87.922,14.923,16.243,16.341,16.292
24-07-2025,31.019,30.591,30.805,29.636,32.277,82.994,82.818,82.906,77.776,87.902,15.506,16.376,16.475,16.425
25-07-2025,30.962,30.567,30.764,29.648,32.227,82.984,82.782,82.883,77.979,87.714,15.277,15.953,16.049,16.001
26-07-2025,30.944,30.531,30.738,29.608,32.206,83.06,82.879,82.97,77.915,87.853,15.3,16.393,16.492,16.442
27-07-2025,30.928,30.504,30.716,29.558,32.175,83.119,82.924,83.022,77.903,87.966,15.538,15.964,16.06,16.012
28-07-2025,30.855,30.473,30.664,29.464,32.166,83.153,83.046,83.099,77.926,88.352,15.601,15.766,15.861,15.813
29-07-2025,30.824,30.429,30.627,29.405,32.134,83.259,83.128,83.194,77.9,88.358,15.884,15.452,15.545,15.499
30-07-2025,30.785,30.372,30.579,29.391,32.047,83.308,83.083,83.196,77.968,88.172,15.608,16.635,15.348,15.992
31-07-2025,30.725,30.361,30.543,29.345,32.051,83.251,83.182,83.217,77.978,88.269,15.959,17.694,16.326,17.01
01-08-2025,30.689,30.359,30.524,29.32,31.996,83.162,83.109,83.136,77.886,88.134,16.094,16.961,15.649,16.305
02-08-2025,30.65,30.301,30.475,29.263,31.971,83.149,83.17,83.159,77.911,88.271,16.705,16.248,14.991,15.619
03-08-2025,30.612,30.265,30.438,29.255,31.905,83.164,83.054,83.109,78.012,88.192,16.435,15.973,14.738,15.355
04-08-2025,30.593,30.223,30.408,29.227,31.896,83.17,83.077,83.124,77.855,88.219,16.778,15.829,14.605,15.217
05-08-2025,30.547,30.165,30.356,29.176,31.903,83.108,83.005,83.056,77.836,88.091,16.856,16.404,15.135,15.77
06-08-2025,30.515,30.147,30.331,29.15,31.852,83.032,82.93,82.981,77.933,87.932,16.719,15.346,14.728,15.037
07-08-2025,30.463,30.109,30.286,29.126,31.785,82.929,82.881,82.905,77.788,87.95,15.535,16.974,16.291,16.633
08-08-2025,30.418,30.077,30.247,29.072,31.739,82.829,82.949,82.889,77.67,87.787,15.257,16.74,16.066,16.403
09-08-2025,30.385,30.03,30.207,28.998,31.698,82.721,82.799,82.76,77.465,87.674,15.831,16.268,15.613,15.94
10-08-2025,30.345,30.001,30.173,28.989,31.665,82.572,82.726,82.649,77.596,87.432,15.535,16.214,15.561,15.887
11-08-2025,30.297,29.94,30.119,28.952,31.605,82.57,82.626,82.598,77.384,87.465,15.867,15.746,15.112,15.429
12-08-2025,30.249,29.876,30.063,28.886,31.556,82.578,82.667,82.623,77.271,87.495,16.198,15.655,15.024,15.34
13-08-2025,30.212,29.815,30.014,28.805,31.552,82.278,82.765,82.521,76.958,87.454,17.676,15.092,15.131,15.111
14-08-2025,30.161,29.804,29.982,28.731,31.503,82.185,82.669,82.427,76.762,87.383,17.334,14.494,14.531,14.512
15-08-2025,30.114,29.773,29.943,28.707,31.442,82.086,82.512,82.299,76.66,87.087,17.148,14.58,14.617,14.598
16-08-2025,30.05,29.722,29.886,28.639,31.426,81.867,82.419,82.143,76.552,87.023,17.309,14.564,14.601,14.583
17-08-2025,30.015,29.678,29.846,28.608,31.377,81.707,82.301,82.004,76.432,86.869,16.882,14.703,14.741,14.722
18-08-2025,29.972,29.639,29.806,28.546,31.321,81.61,82.196,81.903,76.393,86.848,16.672,13.843,13.879,13.861
19-08-2025,29.946,29.613,29.779,28.561,31.265,81.427,81.983,81.705,76.277,86.606,16.175,13.983,14.019,14.001
20-08-2025,29.905,29.563,29.734,28.517,31.248,81.396,81.751,81.574,76.08,86.616,16.213,13.405,13.77,13.587
21-08-2025,29.868,29.535,29.702,28.479,31.233,81.245,81.657,81.451,75.934,86.549,16.155,14.226,14.613,14.42
22-08-2025,29.823,29.477,29.65,28.423,31.197,81.075,81.416,81.246,75.88,86.357,16.087,14.688,15.088,14.888
23-08-2025,29.772,29.457,29.614,28.383,31.124,80.884,81.249,81.066,75.755,86.182,14.985,14.782,15.184,14.983
24-08-2025,29.721,29.417,29.569,28.323,31.071,80.696,81.127,80.912,75.56,85.982,14.617,14.526,14.921,14.723
25-08-2025,29.673,29.378,29.526,28.272,31.036,80.579,80.984,80.781,75.353,85.812,15.186,14.615,15.012,14.813
26-08-2025,29.643,29.323,29.483,28.244,31.006,80.337,80.725,80.531,75.279,85.576,15.352,14.313,14.702,14.507
27-08-2025,29.588,29.284,29.436,28.197,30.961,80.198,80.483,80.341,74.952,85.471,15.264,14.361,15.222,14.791
28-08-2025,29.536,29.237,29.386,28.132,30.894,79.895,80.139,80.017,74.58,85.382,15.329,14.632,15.509,15.07
29-08-2025,29.551,29.19,29.37,28.075,30.945,79.376,79.819,79.598,73.848,84.84,16.744,14.64,15.518,15.079
30-08-2025,29.479,29.153,29.316,27.996,30.872,79.219,79.635,79.427,73.603,84.7,16.311,14.94,15.836,15.388
31-08-2025,29.439,29.097,29.268,27.993,30.85,79.034,79.335,79.185,73.456,84.3,15.824,14.356,15.217,14.786
01-09-2025,29.401,29.05,29.225,27.916,30.788,78.73,79.253,78.992,73.254,84.221,16.193,13.982,14.821,14.402
02-09-2025,29.352,29.004,29.178,27.894,30.774,78.494,79.006,78.75,73.067,83.968,16.121,14.294,15.151,14.723
03-09-2025,29.297,28.952,29.124,27.838,30.694,78.292,78.888,78.59,72.89,83.745,16.425,14.238,15.03,14.634
04-09-2025,29.286,28.897,29.092,27.823,30.645,78.089,78.63,78.359,72.755,83.506,15.935,14.544,15.353,14.949
05-09-2025,29.219,28.859,29.039,27.758,30.614,77.897,78.468,78.183,72.511,83.399,15.861,14.247,15.039,14.643
06-09-2025,29.201,28.804,29.002,27.737,30.581,77.72,78.216,77.968,72.35,83.327,15.938,14.561,15.371,14.966
07-09-2025,29.138,28.748,28.943,27.665,30.557,77.453,78.016,77.734,72.077,83.027,16.044,13.318,14.058,13.688
08-09-2025,29.098,28.671,28.885,27.662,30.512,77.186,77.763,77.474,71.826,82.673,15.178,13.343,14.085,13.714
09-09-2025,29.038,28.611,28.824,27.599,30.424,76.874,77.62,77.247,71.532,82.411,14.933,14.101,14.885,14.493
10-09-2025,28.978,28.522,28.75,27.523,30.387,76.608,77.381,76.994,71.256,82.175,15.214,13.401,15.305,14.353
11-09-2025,28.947,28.489,28.718,27.486,30.341,76.428,77.175,76.801,71.043,81.955,14.417,13.428,15.335,14.382
12-09-2025,28.884,28.453,28.668,27.48,30.312,76.156,76.876,76.516,70.749,81.774,14.318,13.927,15.905,14.916
13-09-2025,28.825,28.415,28.62,27.433,30.222,75.861,76.596,76.229,70.53,81.495,14.093,14.205,16.222,15.213
14-09-2025,28.814,28.357,28.585,27.302,30.198,75.6,76.287,75.944,69.927,81.207,15.058,14.428,16.478,15.453
15-09-2025,28.739,28.294,28.516,27.241,30.181,75.35,76.048,75.699,69.639,80.954,14.687,14.513,16.575,15.544
16-09-2025,28.694,28.234,28.464,27.228,30.113,75.154,75.648,75.401,69.512,80.788,14.201,14.551,16.617,15.584
17-09-2025,28.629,28.208,28.419,27.179,30.041,74.966,75.437,75.202,69.414,80.574,14.286,14.086,16.405,15.246
18-09-2025,28.588,28.164,28.376,27.084,30.047,74.715,75.115,74.915,69.074,80.389,14.583,13.734,15.995,14.865
19-09-2025,28.548,28.094,28.321,27.08,29.98,74.48,74.934,74.707,68.989,80.075,14.862,13.234,15.413,14.323
20-09-2025,28.513,28.042,28.277,27.048,29.938,74.302,74.769,74.536,68.753,79.821,14.896,13.693,15.948,14.82
21-09-2025,28.468,27.982,28.225,26.994,29.92,74.001,74.459,74.23,68.398,79.641,14.655,13.906,16.195,15.05
22-09-2025,28.414,27.942,28.178,26.956,29.852,73.79,74.319,74.055,68.266,79.377,14.968,12.568,14.636,13.602
23-09-2025,28.366,27.866,28.116,26.918,29.851,73.53,74.119,73.825,68.051,79.206,14.517,12.323,14.352,13.337
24-09-2025,28.318,27.834,28.076,26.885,29.78,73.302,73.87,73.586,67.835,78.988,13.388,12.365,15.134,13.75
25-09-2025,28.255,27.757,28.006,26.826,29.709,73.067,73.688,73.377,67.625,78.641,12.816,12.426,15.208,13.817
26-09-2025,28.199,27.701,27.95,26.735,29.693,72.852,73.569,73.21,67.292,78.503,12.9,12.243,14.984,13.614
27-09-2025,28.163,27.657,27.91,26.725,29.617,72.721,73.455,73.088,67.216,78.272,12.772,12.02,14.712,13.366
28-09-2025,28.095,27.573,27.834,26.68,29.608,72.443,73.284,72.863,66.931,78.129,12.498,11.633,14.238,12.935
29-09-2025,28.046,27.543,27.794,26.614,29.533,72.212,73.016,72.614,66.668,77.876,12.685,11.191,13.697,12.444
30-09-2025,28.006,27.463,27.735,26.503,29.51,72.105,72.802,72.453,66.251,77.636,12.745,10.652,13.037,11.845
01-10-2025,27.967,27.392,27.68,26.466,29.469,71.907,72.608,72.257,66.098,77.521,13.903,8.604,12.547,10.576
02-10-2025,27.93,27.328,27.629,26.459,29.396,71.719,72.444,72.082,65.974,77.306,13.598,8.443,12.311,10.377
03-10-2025,27.866,27.299,27.582,26.38,29.381,71.443,72.265,71.854,65.633,77.043,13.658,8.096,11.806,9.951
04-10-2025,27.83,27.248,27.539,26.337,29.334,71.275,72.049,71.662,65.529,76.964,13.088,7.978,11.633,9.806
05-10-2025,27.777,27.2,27.489,26.276,29.291,71.115,71.895,71.505,65.303,76.719,11.294,7.681,11.201,9.441
06-10-2025,27.739,27.14,27.439,26.279,29.268,70.962,71.747,71.355,65.188,76.601,10.285,7.457,10.874,9.166
07-10-2025,27.68,27.084,27.382,26.238,29.209,70.801,71.58,71.191,65.092,76.524,8.506,7.154,10.432,8.793
08-10-2025,27.653,27.033,27.343,26.203,29.172,70.665,71.345,71.005,64.969,76.258,5.059,4.023,10.129,7.076
09-10-2025,27.583,26.997,27.29,26.174,29.097,70.449,71.261,70.855,64.911,76.17,3.734,3.982,10.025,7.003
10-10-2025,27.551,26.989,27.27,26.127,29.05,70.286,71.017,70.652,64.702,75.961,2.637,3.645,9.178,6.411
11-10-2025,27.505,26.956,27.23,26.076,29.022,70.192,70.866,70.529,64.625,75.839,1.95,3.426,8.625,6.025
12-10-2025,27.453,26.911,27.182,26.028,28.992,70.065,70.596,70.331,64.53,75.799,1.613,3.189,8.029,5.609
13-10-2025,27.409,26.871,27.14,25.981,28.952,69.936,70.56,70.248,64.367,75.604,1.467,2.871,7.229,5.05
14-10-2025,27.335,26.789,27.062,25.91,28.861,69.761,70.395,70.078,64.163,75.574,1.229,2.623,6.603,4.613
15-10-2025,27.306,26.751,27.028,25.854,28.792,69.577,70.274,69.926,63.917,75.393,1.245,1.872,6.017,3.945
16-10-2025,27.32,26.723,27.022,25.845,28.862,69.661,70.139,69.9,63.831,75.329,0.135,1.717,5.519,3.618
17-10-2025,27.276,26.7,26.988,25.782,28.824,69.47,70.116,69.793,63.603,75.15,0.109,1.602,5.149,3.375
18-10-2025,27.238,26.642,26.94,25.76,28.75,69.343,69.932,69.637,63.476,74.982,0.096,1.56,5.013,3.286
19-10-2025,27.177,26.593,26.885,25.692,28.724,69.211,69.895,69.553,63.384,74.949,0.096,1.505,4.839,3.172
20-10-2025,27.119,26.538,26.828,25.669,28.637,69.093,69.717,69.405,63.315,74.844,0.098,1.484,4.771,3.128
21-10-2025,27.058,26.481,26.77,25.605,28.602,68.991,69.647,69.319,63.198,74.721,0.1,1.278,4.108,2.693
22-10-2025,27.029,26.441,26.735,25.562,28.573,68.922,69.659,69.29,63.083,74.689,0.09,1.673,3.038,2.355
23-10-2025,26.984,26.399,26.692,25.558,28.514,68.77,69.556,69.163,63.081,74.586,0.094,1.333,2.421,1.877
24-10-2025,26.957,26.37,26.663,25.523,28.506,68.71,69.357,69.033,63.004,74.468,0.094,1.225,2.225,1.725
25-10-2025,26.922,26.305,26.614,25.498,28.469,68.58,69.238,68.909,62.961,74.355,0.096,0.735,1.335,1.035
26-10-2025,26.893,26.31,26.601,25.476,28.382,68.565,69.128,68.846,62.837,74.358,0.089,0.609,1.107,0.858
27-10-2025,26.851,26.267,26.559,25.456,28.348,68.473,68.977,68.725,62.839,74.328,0.093,0.594,1.079,0.837
28-10-2025,26.817,26.219,26.518,25.414,28.343,68.367,68.875,68.621,62.79,74.222,0.091,0.373,0.678,0.525
29-10-2025,26.79,26.207,26.498,25.343,28.345,68.252,68.734,68.493,62.594,74.099,0.087,0.529,0.678,0.603
30-10-2025,26.741,26.149,26.445,25.303,28.266,68.153,68.673,68.413,62.491,74.105,0.08,0.529,0.678,0.603
31-10-2025,26.7,26.118,26.409,25.262,28.198,68.046,68.623,68.335,62.329,74.044,0.08,0.604,0.774,0.689
01-11-2025,26.64,26.076,26.358,25.202,28.178,68.119,68.51,68.315,62.304,74.013,0.117,0.625,0.8,0.713
02-11-2025,26.602,26.041,26.321,25.129,28.184,68.005,68.38,68.193,62.14,73.87,0.099,0.625,0.8,0.713
03-11-2025,26.584,25.986,26.285,25.118,28.088,68.007,68.378,68.193,62.088,73.779,0.091,0.625,0.8,0.713
04-11-2025,26.536,25.953,26.245,25.094,28.042,67.881,68.32,68.101,62.12,73.835,0.088,0.6,0.768,0.684
05-11-2025,26.493,25.941,26.217,25.066,28.017,67.76,68.267,68.014,62.03,73.617,0.088,0.484,0.768,0.626
06-11-2025,26.453,25.9,26.176,25.014,27.959,67.715,68.091,67.903,61.967,73.664,0.091,0.472,0.749,0.61
07-11-2025,26.425,25.849,26.137,24.978,27.954,67.726,68.066,67.896,61.91,73.683,0.084,0.472,0.749,0.61
08-11-2025,26.392,25.826,26.109,24.986,27.911,67.589,67.882,67.736,61.941,73.464,0.091,0.472,0.749,0.61
09-11-2025,26.38,25.797,26.088,24.96,27.91,67.54,67.765,67.652,61.886,73.415,0.098,0.463,0.735,0.599
10-11-2025,26.352,25.751,26.051,24.931,27.859,67.477,67.67,67.574,61.856,73.348,0.104,0.457,0.725,0.591
11-11-2025,26.306,25.76,26.033,24.927,27.781,67.472,67.586,67.529,61.794,73.326,0.098,0.425,0.675,0.55
12-11-2025,26.293,25.731,26.012,24.922,27.771,67.391,67.632,67.511,61.81,73.298,0.105,0.365,0.631,0.498
13-11-2025,26.263,25.71,25.987,24.872,27.775,67.349,67.436,67.392,61.77,73.283,0.104,0.353,0.61,0.482
14-11-2025,26.251,25.715,25.983,24.807,27.788,67.304,67.325,67.314,61.603,73.276,0.1,0.353,0.61,0.482
15-11-2025,26.198,25.692,25.945,24.79,27.718,67.243,67.353,67.298,61.55,73.152,0.1,0.337,0.582,0.459
16-11-2025,26.179,25.637,25.908,24.77,27.66,67.129,67.418,67.273,61.389,73.09,0.096,0.313,0.541,0.427
17-11-2025,26.181,25.603,25.892,24.759,27.729,67.252,67.304,67.278,61.486,73.139,0.115,0.313,0.541,0.427
18-11-2025,26.146,25.568,25.857,24.713,27.714,67.211,67.21,67.21,61.417,73.171,0.1,0.313,0.541,0.427
19-11-2025,26.148,25.552,25.85,24.7,27.64,67.243,67.097,67.17,61.354,73.075,0.088,0.554,0.541,0.548
20-11-2025,26.11,25.553,25.832,24.705,27.615,67.129,67.023,67.076,61.446,73.088,0.081,0.427,0.416,0.421
21-11-2025,26.072,25.55,25.811,24.674,27.571,67.068,66.895,66.981,61.359,72.912,0.078,0.427,0.416,0.421
22-11-2025,26.062,25.541,25.801,24.639,27.551,67.042,66.815,66.929,61.333,72.964,0.082,0.191,0.186,0.189
23-11-2025,26.06,25.529,25.795,24.637,27.573,67.058,66.833,66.945,61.338,72.948,0.073,0.191,0.186,0.189
24-11-2025,26.046,25.529,25.787,24.655,27.547,67.008,66.852,66.93,61.412,72.857,0.081,0.146,0.142,0.144
25-11-2025,26.042,25.503,25.773,24.639,27.548,66.991,66.922,66.956,61.392,72.838,0.09,0.141,0.138,0.139
26-11-2025,26.021,25.448,25.734,24.61,27.496,66.986,66.922,66.954,61.397,72.861,0.1,0.406,0.123,0.264
27-11-2025,25.997,25.44,25.718,24.62,27.457,66.978,66.948,66.963,61.413,72.787,0.096,0.406,0.123,0.264
28-11-2025,25.989,25.424,25.707,24.629,27.447,67.007,66.901,66.954,61.499,72.9,0.104,0.406,0.123,0.264
29-11-2025,25.972,25.4,25.686,24.595,27.463,66.975,66.959,66.967,61.481,72.968,0.099,0.406,0.123,0.264
30-11-2025,25.976,25.368,25.672,24.542,27.494,66.993,67.015,67.004,61.362,73.042,0.1,0.406,0.123,0.264
01-12-2025,25.943,25.368,25.656,24.541,27.44,66.952,67.028,66.99,61.348,72.881,0.097,0.088,0.027,0.058
02-12-2025,25.92,25.381,25.651,24.529,27.374,66.876,67,66.938,61.226,72.812,0.088,0,0,0
03-12-2025,25.896,25.38,25.638,24.485,27.424,67.02,66.986,67.003,61.403,72.86,0.119,0.053,0,0.026
04-12-2025,25.88,25.39,25.635,24.473,27.426,67.046,66.864,66.955,61.432,73.031,0.101,0.053,0,0.026
05-12-2025,25.899,25.365,25.632,24.482,27.386,67.14,66.89,67.015,61.379,73.022,0.091,0.053,0,0.026
06-12-2025,25.893,25.337,25.615,24.492,27.387,67.088,66.852,66.97,61.497,73.042,0.087,0.053,0,0.026
07-12-2025,25.862,25.329,25.595,24.463,27.349,67.099,66.956,67.027,61.428,72.997,0.087,0.053,0,0.026
08-12-2025,25.873,25.314,25.593,24.456,27.358,67.111,66.936,67.024,61.454,73.063,0.085,0.053,0,0.026
09-12-2025,25.881,25.306,25.593,24.463,27.386,67.169,67.045,67.107,61.466,73.121,0.084,0.053,0,0.026
10-12-2025,25.888,25.311,25.599,24.498,27.378,67.145,67.041,67.093,61.58,73.025,0.086,0.043,0,0.022
11-12-2025,25.894,25.297,25.596,24.49,27.39,67.166,67.068,67.117,61.575,73.062,0.093,0.043,0,0.022
12-12-2025,25.892,25.284,25.588,24.48,27.354,67.18,67.097,67.138,61.608,73.064,0.102,0.043,0,0.022
13-12-2025,25.879,25.253,25.566,24.491,27.335,67.241,67.08,67.16,61.609,73.101,0.098,0.043,0,0.022
14-12-2025,25.885,25.254,25.57,24.517,27.337,67.273,67.228,67.25,61.714,73.176,0.103,0.043,0,0.022
15-12-2025,25.887,25.252,25.569,24.519,27.348,67.244,67.239,67.241,61.721,73.199,0.104,0.043,0,0.022
16-12-2025,25.907,25.248,25.577,24.486,27.406,67.253,67.219,67.236,61.622,73.24,0.105,0.043,0,0.022
17-12-2025,25.896,25.295,25.596,24.485,27.373,67.244,67.135,67.19,61.64,73.191,0.098,0.046,0,0.023
18-12-2025,25.904,25.273,25.588,24.482,27.343,67.244,67.159,67.202,61.544,73.185,0.091,0.046,0,0.023
19-12-2025,25.931,25.259,25.595,24.523,27.42,67.302,67.296,67.299,61.589,73.184,0.114,0.046,0,0.023
20-12-2025,25.933,25.241,25.587,24.54,27.424,67.34,67.356,67.348,61.702,73.27,0.1,0.046,0,0.023
21-12-2025,25.974,25.255,25.615,24.555,27.435,67.474,67.39,67.432,61.683,73.293,0.098,0.046,0,0.023
22-12-2025,25.989,25.259,25.624,24.591,27.443,67.434,67.447,67.44,61.806,73.366,0.09,0.046,0,0.023
23-12-2025,25.972,25.258,25.615,24.582,27.422,67.431,67.444,67.437,61.738,73.291,0.097,0.046,0,0.023
24-12-2025,26.01,25.261,25.635,24.595,27.45,67.463,67.381,67.422,61.775,73.378,0.091,0.052,0,0.026
25-12-2025,26.027,25.284,25.656,24.603,27.498,67.538,67.371,67.455,61.796,73.439,0.084,0.052,0,0.026
26-12-2025,26.038,25.318,25.678,24.654,27.493,67.512,67.345,67.429,61.908,73.353,0.092,0.052,0,0.026
27-12-2025,26.067,25.349,25.708,24.661,27.544,67.517,67.252,67.384,61.886,73.393,0.099,0.052,0,0.026
28-12-2025,26.091,25.374,25.732,24.685,27.535,67.554,67.135,67.345,61.941,73.427,0.107,0.052,0,0.026
29-12-2025,26.099,25.365,25.732,24.707,27.534,67.648,67.116,67.382,61.923,73.52,0.105,0.052,0,0.026
30-12-2025,26.134,25.391,25.762,24.757,27.556,67.684,67.034,67.359,62.058,73.562,0.11,0.052,0,0.026
31-12-2025,26.161,25.44,25.801,24.781,27.613,67.687,67.081,67.384,62.079,73.645,0.115,0.049,0,0.024
