timestamp,nodeId,uptime_s,temperature,humidity,pressure,altitude_m,gas_kohm,voc,noise,bme680_status,noise_status
2026-09-17 10:27:48,NODE-001,900,29.7,76,1007.8,45,47.1,462,77.4,online,online
2026-09-17 10:27:53,NODE-001,905,29.7,76,1007.8,45,46.9,462,89.8,online,online
2026-09-17 10:27:58,NODE-001,910,29.7,76,1007.8,45,46.9,462,81.1,online,online
2026-09-17 10:28:03,NODE-001,915,29.7,76,1007.8,45,47.1,462,92.7,online,online
2026-09-17 10:28:08,NODE-001,920,29.7,76,1007.8,45,46.9,462,83.5,online,online
2026-09-17 10:28:13,NODE-001,925,29.7,76,1007.8,45,47.0,462,93.6,online,online
2026-09-17 10:28:18,NODE-001,930,29.7,76,1007.8,45,47.2,462,83.6,online,online
2026-09-17 10:28:23,NODE-001,935,29.7,76,1007.8,45,47.0,462,92.7,online,online
2026-09-17 10:28:28,NODE-001,940,29.7,76,1007.8,45,47.1,462,90.4,online,online
2026-09-17 10:28:33,NODE-001,945,29.7,76,1007.8,45,47.1,462,75.9,online,online
2026-09-17 10:28:38,NODE-001,950,29.7,76,1007.8,45,47.1,462,83.6,online,online
2026-09-17 10:28:43,NODE-001,955,29.7,76,1007.8,45,47.2,462,92.8,online,online
2026-09-17 10:28:48,NODE-001,960,29.7,76,1007.8,45,47.0,462,100.3,online,online
2026-09-17 10:28:53,NODE-001,965,29.7,76,1007.8,45,47.0,462,91.9,online,online
2026-09-17 10:28:58,NODE-001,970,29.7,76,1007.8,45,47.2,462,93.0,online,online
2026-09-17 10:29:03,NODE-001,975,29.7,76,1007.8,45,47.1,462,76.4,online,online
2026-09-17 10:29:08,NODE-001,980,29.7,76,1007.8,45,46.9,462,78.7,online,online
2026-09-17 10:29:13,NODE-001,985,29.7,76,1007.8,45,47.2,462,92.4,online,online
2026-09-17 10:29:18,NODE-001,990,29.7,76,1007.8,45,47.2,462,94.2,online,online
2026-09-17 10:29:23,NODE-001,995,29.7,76,1007.8,45,47.1,462,91.0,online,online
2026-09-17 10:29:28,NODE-001,1000,29.7,76,1007.8,46,47.3,462,100.9,online,online
2026-09-17 10:29:33,NODE-001,1005,29.7,76,1007.8,45,47.3,462,91.4,online,online
2026-09-17 10:29:38,NODE-001,1010,29.7,76,1007.8,45,47.3,462,86.4,online,online
2026-09-17 10:29:43,NODE-001,1015,29.7,76,1007.8,46,47.5,462,96.4,online,online
2026-09-17 10:29:48,NODE-001,1020,29.7,76,1007.8,46,47.5,462,97.3,online,online
2026-09-17 10:29:53,NODE-001,1025,29.7,76,1007.8,46,47.4,462,86.3,online,online
2026-09-17 10:29:58,NODE-001,1030,29.7,76,1007.8,45,47.4,462,83.8,online,online
2026-09-17 10:30:03,NODE-001,1035,29.7,76,1007.8,45,47.5,462,80.4,online,online
2026-09-17 10:30:08,NODE-001,1040,29.7,76,1007.8,46,47.6,462,90.1,online,online
2026-09-17 10:30:13,NODE-001,1045,29.7,76,1007.8,46,47.5,462,92.6,online,online
2026-09-17 10:30:18,NODE-001,1050,29.7,76,1007.8,46,47.6,462,82.7,online,online
2026-09-17 10:30:23,NODE-001,1055,29.7,76,1007.8,46,47.5,462,78.5,online,online
2026-09-17 10:30:28,NODE-001,1060,29.7,76,1007.8,46,47.5,462,89.0,online,online
2026-09-17 10:30:33,NODE-001,1065,29.7,76,1007.8,46,47.8,461,85.5,online,online
2026-09-17 10:30:38,NODE-001,1070,29.7,76,1007.8,46,47.5,462,92.7,online,online
2026-09-17 10:30:43,NODE-001,1075,29.7,76,1007.8,46,47.6,462,87.5,online,online
2026-09-17 10:30:48,NODE-001,1080,29.7,76,1007.8,46,47.7,462,92.6,online,online
2026-09-17 10:30:53,NODE-001,1085,29.7,76,1007.8,46,47.7,462,81.5,online,online
2026-09-17 10:30:58,NODE-001,1090,29.7,76,1007.8,46,47.3,462,89.7,online,online
2026-09-17 10:31:03,NODE-001,1095,29.7,76,1007.8,46,47.5,462,92.1,online,online
2026-09-17 10:31:08,NODE-001,1100,29.7,76,1007.8,46,47.7,462,88.7,online,online
2026-09-17 10:31:13,NODE-001,1105,29.7,76,1007.8,46,47.7,462,97.1,online,online
2026-09-17 10:31:18,NODE-001,1110,29.7,76,1007.8,46,47.8,461,92.4,online,online
2026-09-17 10:31:23,NODE-001,1115,29.7,76,1007.8,46,47.8,461,83.9,online,online
2026-09-17 10:31:28,NODE-001,1120,29.7,76,1007.8,46,47.9,461,73.2,online,online
2026-09-17 10:31:33,NODE-001,1125,29.7,76,1007.8,46,47.7,462,73.2,online,online
2026-09-17 10:31:38,NODE-001,1130,29.7,76,1007.8,46,48.0,461,73.1,online,online
2026-09-17 10:31:43,NODE-001,1135,29.7,76,1007.8,46,47.8,461,83.7,online,online
2026-09-17 10:31:48,NODE-001,1140,29.7,76,1007.8,46,47.9,461,67.0,online,online
2026-09-17 10:31:53,NODE-001,1145,29.7,76,1007.8,46,48.0,461,75.5,online,online
2026-09-17 10:31:58,NODE-001,1150,29.7,76,1007.8,46,48.1,461,78.5,online,online
2026-09-17 10:32:03,NODE-001,1155,29.7,75,1007.8,46,48.1,461,71.0,online,online
2026-09-17 10:32:08,NODE-001,1160,29.7,75,1007.8,46,48.0,461,77.3,online,online
2026-09-17 10:32:13,NODE-001,1165,29.7,76,1007.8,46,48.1,461,91.4,online,online
2026-09-17 10:32:18,NODE-001,1170,29.7,76,1007.8,46,48.2,461,78.2,online,online
2026-09-17 10:32:23,NODE-001,1175,29.7,76,1007.8,46,48.4,461,85.0,online,online
2026-09-17 10:32:28,NODE-001,1180,29.7,76,1007.8,46,48.2,461,81.2,online,online
2026-09-17 10:32:33,NODE-001,1185,29.7,76,1007.8,46,48.4,461,90.7,online,online
2026-09-17 10:32:38,NODE-001,1190,29.7,76,1007.8,46,48.2,461,88.9,online,online
2026-09-17 10:32:43,NODE-001,1195,29.7,76,1007.8,46,48.5,461,86.3,online,online
2026-09-17 10:32:48,NODE-001,1200,29.7,76,1007.8,46,48.2,461,94.4,online,online
2026-09-17 10:32:53,NODE-001,1205,29.7,76,1007.8,46,48.3,461,78.5,online,online
2026-09-17 10:32:58,NODE-001,1210,29.7,76,1007.8,46,48.4,461,84.7,online,online
2026-09-17 10:33:03,NODE-001,1215,29.7,76,1007.8,46,48.2,461,95.6,online,online
2026-09-17 10:33:08,NODE-001,1220,29.7,76,1007.8,46,48.4,461,82.9,online,online
2026-09-17 10:33:13,NODE-001,1225,29.7,76,1007.7,46,48.3,461,97.4,online,online
2026-09-17 10:33:18,NODE-001,1230,29.7,76,1007.7,46,48.4,461,106.5,online,online
2026-09-17 10:33:23,NODE-001,1235,29.7,76,1007.7,46,48.5,461,93.3,online,online
2026-09-17 10:33:28,NODE-001,1240,29.7,76,1007.7,46,48.3,461,97.3,online,online
2026-09-17 10:33:33,NODE-001,1245,29.7,76,1007.7,46,48.4,461,97.7,online,online
2026-09-17 10:33:38,NODE-001,1250,29.7,76,1007.7,46,48.4,461,88.3,online,online
2026-09-17 10:33:43,NODE-001,1255,29.7,76,1007.7,46,48.4,461,94.7,online,online
2026-09-17 10:33:48,NODE-001,1260,29.7,76,1007.7,46,48.2,461,82.3,online,online
2026-09-17 10:33:53,NODE-001,1265,29.7,76,1007.7,46,48.3,461,85.8,online,online
2026-09-17 10:33:58,NODE-001,1270,29.7,76,1007.7,46,48.4,461,87.8,online,online
2026-09-17 10:34:03,NODE-001,1275,29.7,76,1007.8,46,48.3,461,97.2,online,online
2026-09-17 10:34:08,NODE-001,1280,29.7,76,1007.7,46,48.4,461,90.2,online,online
2026-09-17 10:34:13,NODE-001,1285,29.7,76,1007.8,46,48.3,461,97.8,online,online
2026-09-17 10:34:18,NODE-001,1290,29.7,76,1007.8,46,48.2,461,84.4,online,online
2026-09-17 10:34:23,NODE-001,1295,29.7,76,1007.8,46,48.4,461,90.6,online,online
2026-09-17 10:34:28,NODE-001,1300,29.7,76,1007.8,46,48.5,461,86.7,online,online
2026-09-17 10:34:33,NODE-001,1305,29.7,76,1007.8,46,48.4,461,96.3,online,online
2026-09-17 10:34:38,NODE-001,1310,29.7,76,1007.8,46,48.2,461,85.5,online,online
2026-09-17 10:34:43,NODE-001,1315,29.7,76,1007.8,46,48.4,461,83.4,online,online
2026-09-17 10:34:48,NODE-001,1320,29.7,76,1007.8,46,48.4,461,82.1,online,online
2026-09-17 10:34:53,NODE-001,1325,29.7,76,1007.8,46,48.4,461,87.0,online,online
2026-09-17 10:34:58,NODE-001,1330,29.7,76,1007.8,46,48.6,461,87.1,online,online
2026-09-17 10:35:03,NODE-001,1335,29.7,76,1007.8,46,48.5,461,90.8,online,online
2026-09-17 10:35:08,NODE-001,1340,29.7,76,1007.8,46,48.6,461,85.9,online,online
2026-09-17 10:35:13,NODE-001,1345,29.7,76,1007.8,46,48.5,461,90.2,online,online
2026-09-17 10:35:18,NODE-001,1350,29.7,76,1007.8,46,48.6,461,105.4,online,online
2026-09-17 10:35:23,NODE-001,1355,29.7,76,1007.8,46,48.7,461,84.9,online,online
2026-09-17 10:35:28,NODE-001,1360,29.7,76,1007.8,46,48.8,460,93.2,online,online
2026-09-17 10:35:33,NODE-001,1365,29.7,76,1007.8,46,48.6,461,101.2,online,online
2026-09-17 10:35:38,NODE-001,1370,29.7,76,1007.8,46,48.7,461,99.0,online,online
2026-09-17 10:35:43,NODE-001,1375,29.7,76,1007.8,46,48.7,461,98.5,online,online
2026-09-17 10:35:48,NODE-001,1380,29.6,76,1007.8,46,48.9,460,81.6,online,online
2026-09-17 10:35:53,NODE-001,1385,29.6,76,1007.7,46,49.0,460,82.9,online,online
2026-09-17 10:35:58,NODE-001,1390,29.6,76,1007.7,46,48.8,460,93.2,online,online
2026-09-17 10:36:03,NODE-001,1395,29.6,76,1007.7,46,48.7,460,83.7,online,online
2026-09-17 10:36:08,NODE-001,1400,29.6,76,1007.7,46,48.9,460,92.1,online,online
2026-09-17 10:36:13,NODE-001,1405,29.6,76,1007.7,46,49.1,460,83.6,online,online
2026-09-17 10:36:18,NODE-001,1410,29.6,76,1007.7,46,49.0,460,84.7,online,online
2026-09-17 10:36:23,NODE-001,1415,29.6,76,1007.7,46,49.2,460,88.5,online,online
2026-09-17 10:36:28,NODE-001,1420,29.6,76,1007.7,46,49.0,460,82.6,online,online
2026-09-17 10:36:33,NODE-001,1425,29.6,76,1007.7,46,49.2,460,92.4,online,online
2026-09-17 10:36:38,NODE-001,1430,29.6,76,1007.7,46,49.1,460,98.5,online,online
2026-09-17 10:36:43,NODE-001,1435,29.6,76,1007.7,46,49.0,460,102.8,online,online
2026-09-17 10:36:48,NODE-001,1440,29.6,76,1007.7,46,49.0,460,97.1,online,online
2026-09-17 10:36:53,NODE-001,1445,29.6,76,1007.7,46,49.1,460,87.8,online,online
2026-09-17 10:36:58,NODE-001,1450,29.6,76,1007.7,46,49.2,460,85.0,online,online
2026-09-17 10:37:03,NODE-001,1455,29.6,76,1007.7,46,49.2,460,84.2,online,online
2026-09-17 10:37:08,NODE-001,1460,29.6,76,1007.7,46,49.0,460,87.2,online,online
2026-09-17 10:37:13,NODE-001,1465,29.6,76,1007.7,46,49.1,460,89.6,online,online
2026-09-17 10:37:18,NODE-001,1470,29.6,76,1007.7,46,49.1,460,90.7,online,online
2026-09-17 10:37:23,NODE-001,1475,29.6,76,1007.7,46,49.2,460,94.3,online,online
2026-09-17 10:37:28,NODE-001,1480,29.7,76,1007.7,46,48.9,460,86.7,online,online
2026-09-17 10:37:33,NODE-001,1485,29.7,76,1007.7,46,49.0,460,92.1,online,online
2026-09-17 10:37:38,NODE-001,1490,29.7,76,1007.7,46,49.1,460,93.5,online,online
2026-09-17 10:37:43,NODE-001,1495,29.7,76,1007.7,46,48.9,460,87.7,online,online
2026-09-17 10:37:48,NODE-001,1500,29.7,76,1007.7,46,48.8,460,80.8,online,online
2026-09-17 10:37:53,NODE-001,1505,29.7,76,1007.7,46,49.0,460,94.2,online,online
2026-09-17 10:37:58,NODE-001,1510,29.7,76,1007.7,46,49.1,460,90.1,online,online
2026-09-17 10:38:03,NODE-001,1515,29.7,76,1007.7,46,49.0,460,94.1,online,online
2026-09-17 10:38:08,NODE-001,1520,29.7,76,1007.7,46,49.0,460,96.5,online,online
2026-09-17 10:38:13,NODE-001,1525,29.7,76,1007.7,46,49.1,460,93.9,online,online
2026-09-17 10:38:18,NODE-001,1530,29.7,76,1007.7,46,49.1,460,96.8,online,online
2026-09-17 10:38:23,NODE-001,1535,29.7,76,1007.7,46,49.1,460,84.0,online,online
2026-09-17 10:38:28,NODE-001,1540,29.7,76,1007.7,46,48.9,460,87.4,online,online
2026-09-17 10:38:33,NODE-001,1545,29.7,76,1007.7,46,49.0,460,79.8,online,online
2026-09-17 10:38:38,NODE-001,1550,29.7,76,1007.7,46,48.9,460,85.5,online,online
2026-09-17 10:38:43,NODE-001,1555,29.7,76,1007.7,46,49.0,460,93.1,online,online
2026-09-17 10:38:48,NODE-001,1560,29.7,76,1007.7,46,49.1,460,84.4,online,online
2026-09-17 10:38:53,NODE-001,1565,29.7,76,1007.7,46,49.1,460,86.1,online,online
2026-09-17 10:38:58,NODE-001,1570,29.7,76,1007.7,46,49.1,460,89.4,online,online
2026-09-17 10:39:03,NODE-001,1575,29.7,76,1007.7,46,49.1,460,80.4,online,online
2026-09-17 10:39:08,NODE-001,1580,29.7,76,1007.7,46,49.0,460,90.8,online,online
2026-09-17 10:39:13,NODE-001,1585,29.7,76,1007.7,46,48.8,460,95.8,online,online
2026-09-17 10:39:18,NODE-001,1590,29.7,76,1007.7,46,49.1,460,95.7,online,online
2026-09-17 10:39:23,NODE-001,1595,29.7,76,1007.7,47,49.1,460,96.0,online,online
2026-09-17 10:39:28,NODE-001,1600,29.7,76,1007.7,46,49.0,460,96.5,online,online
2026-09-17 10:39:33,NODE-001,1605,29.7,76,1007.7,47,49.1,460,78.0,online,online
2026-09-17 10:39:38,NODE-001,1610,29.7,76,1007.7,47,49.0,460,83.6,online,online
2026-09-17 10:39:43,NODE-001,1615,29.7,76,1007.7,46,49.1,460,77.1,online,online
2026-09-17 10:39:48,NODE-001,1620,29.7,76,1007.7,47,49.0,460,92.9,online,online
2026-09-17 10:39:53,NODE-001,1625,29.7,76,1007.7,47,49.1,460,94.6,online,online
2026-09-17 10:39:58,NODE-001,1630,29.7,76,1007.7,47,49.2,460,81.8,online,online
2026-09-17 10:40:03,NODE-001,1635,29.7,76,1007.7,47,49.2,460,91.0,online,online
2026-09-17 10:40:08,NODE-001,1640,29.7,76,1007.7,47,49.2,460,81.1,online,online
2026-09-17 10:40:13,NODE-001,1645,29.7,76,1007.7,46,49.2,460,91.4,online,online
2026-09-17 10:40:18,NODE-001,1650,29.7,76,1007.7,46,49.1,460,85.9,online,online
2026-09-17 10:40:23,NODE-001,1655,29.7,76,1007.7,46,49.2,460,92.6,online,online
2026-09-17 10:40:28,NODE-001,1660,29.7,76,1007.7,46,49.3,460,80.8,online,online
2026-09-17 10:40:33,NODE-001,1665,29.7,76,1007.7,46,49.3,460,86.9,online,online
2026-09-17 10:40:38,NODE-001,1670,29.7,76,1007.7,46,49.3,460,85.8,online,online
2026-09-17 10:40:43,NODE-001,1675,29.7,76,1007.7,46,49.3,460,96.5,online,online
2026-09-17 10:40:48,NODE-001,1680,29.7,76,1007.7,46,49.4,460,80.5,online,online
2026-09-17 10:40:53,NODE-001,1685,29.7,76,1007.7,46,49.5,460,81.8,online,online
2026-09-17 10:40:58,NODE-001,1690,29.7,76,1007.7,46,49.3,460,93.7,online,online
2026-09-17 10:41:03,NODE-001,1695,29.7,76,1007.7,46,49.4,460,96.5,online,online
2026-09-17 10:41:08,NODE-001,1700,29.7,76,1007.7,46,49.4,460,94.4,online,online
2026-09-17 10:41:13,NODE-001,1705,29.7,76,1007.7,46,49.4,460,81.0,online,online
2026-09-17 10:41:18,NODE-001,1710,29.7,76,1007.7,46,49.3,460,80.1,online,online
2026-09-17 10:41:23,NODE-001,1715,29.7,76,1007.7,46,49.4,460,84.4,online,online
2026-09-17 10:41:28,NODE-001,1720,29.7,76,1007.7,46,49.4,460,81.5,online,online
2026-09-17 10:41:33,NODE-001,1725,29.7,76,1007.7,46,49.6,460,82.0,online,online
2026-09-17 10:41:38,NODE-001,1730,29.7,76,1007.7,46,49.7,460,83.6,online,online
2026-09-17 10:41:43,NODE-001,1735,29.7,76,1007.7,46,49.5,460,75.8,online,online
2026-09-17 10:41:48,NODE-001,1740,29.7,76,1007.7,46,49.6,460,89.4,online,online
2026-09-17 10:41:53,NODE-001,1745,29.7,76,1007.7,46,49.7,459,89.5,online,online
2026-09-17 10:41:58,NODE-001,1750,29.7,76,1007.7,46,49.6,460,94.7,online,online
2026-09-17 10:42:03,NODE-001,1755,29.7,76,1007.7,46,49.5,460,94.0,online,online
2026-09-17 10:42:08,NODE-001,1760,29.7,76,1007.7,46,49.4,460,85.9,online,online
2026-09-17 10:42:13,NODE-001,1765,29.7,76,1007.7,46,49.6,460,82.6,online,online
2026-09-17 10:42:18,NODE-001,1770,29.7,76,1007.7,46,49.4,460,75.8,online,online
2026-09-17 10:42:23,NODE-001,1775,29.7,76,1007.7,46,49.6,460,97.4,online,online
2026-09-17 10:42:28,NODE-001,1780,29.7,76,1007.7,46,49.7,460,89.3,online,online
2026-09-17 10:42:33,NODE-001,1785,29.7,76,1007.7,46,49.6,460,88.3,online,online
2026-09-17 10:42:38,NODE-001,1790,29.7,76,1007.7,46,49.7,459,102.8,online,online
2026-09-17 10:42:43,NODE-001,1795,29.7,76,1007.7,46,49.6,460,96.5,online,online
2026-09-17 10:42:48,NODE-001,1800,29.7,76,1007.7,46,49.7,460,78.9,online,online
2026-09-17 10:42:53,NODE-001,1805,29.7,76,1007.7,46,49.8,459,83.0,online,online
2026-09-17 10:42:58,NODE-001,1810,29.7,76,1007.7,46,49.7,460,78.3,online,online
2026-09-17 10:43:03,NODE-001,1815,29.7,76,1007.7,46,49.7,460,90.9,online,online
2026-09-17 10:43:08,NODE-001,1820,29.7,76,1007.7,46,49.7,459,82.0,online,online
2026-09-17 10:43:13,NODE-001,1825,29.7,76,1007.7,46,49.7,460,90.7,online,online
2026-09-17 10:43:18,NODE-001,1830,29.7,76,1007.7,46,49.9,459,89.3,online,online
2026-09-17 10:43:23,NODE-001,1835,29.7,76,1007.7,46,49.8,459,101.9,online,online
2026-09-17 10:43:28,NODE-001,1840,29.7,76,1007.7,46,49.8,459,85.6,online,online
2026-09-17 10:43:33,NODE-001,1845,29.7,76,1007.7,46,50.0,459,88.9,online,online
2026-09-17 10:43:38,NODE-001,1850,29.7,76,1007.7,46,49.9,459,89.7,online,online
2026-09-17 10:43:43,NODE-001,1855,29.7,76,1007.7,46,49.9,459,96.6,online,online
2026-09-17 10:43:48,NODE-001,1860,29.7,76,1007.7,46,50.0,459,90.2,online,online
2026-09-17 10:43:53,NODE-001,1865,29.7,76,1007.7,46,49.9,459,86.7,online,online
2026-09-17 10:43:58,NODE-001,1870,29.7,76,1007.7,46,50.0,459,87.2,online,online
2026-09-17 10:44:03,NODE-001,1875,29.7,76,1007.7,46,50.0,459,81.3,online,online
2026-09-17 10:44:08,NODE-001,1880,29.7,76,1007.7,46,50.0,459,87.8,online,online
2026-09-17 10:44:13,NODE-001,1885,29.7,76,1007.7,46,50.0,459,88.2,online,online
2026-09-17 10:44:18,NODE-001,1890,29.7,76,1007.7,46,50.0,459,81.7,online,online
2026-09-17 10:44:23,NODE-001,1895,29.7,76,1007.7,46,49.8,459,93.3,online,online
2026-09-17 10:44:28,NODE-001,1900,29.7,76,1007.7,46,50.0,459,82.8,online,online
2026-09-17 10:44:33,NODE-001,1905,29.7,76,1007.7,46,50.0,459,79.7,online,online
2026-09-17 10:44:38,NODE-001,1910,29.7,76,1007.7,46,49.9,459,89.6,online,online
2026-09-17 10:44:43,NODE-001,1915,29.7,76,1007.7,46,50.0,459,78.2,online,online
2026-09-17 10:44:48,NODE-001,1920,29.7,76,1007.7,47,50.0,459,86.4,online,online
2026-09-17 10:44:53,NODE-001,1925,29.7,76,1007.7,47,50.0,459,78.0,online,online
2026-09-17 10:44:58,NODE-001,1930,29.7,76,1007.7,46,50.0,459,86.2,online,online
2026-09-17 10:45:03,NODE-001,1935,29.7,76,1007.7,46,50.0,459,93.5,online,online
2026-09-17 10:45:08,NODE-001,1940,29.7,76,1007.7,46,50.2,459,81.2,online,online
2026-09-17 10:45:13,NODE-001,1945,29.7,76,1007.7,46,50.0,459,91.0,online,online
2026-09-17 10:45:18,NODE-001,1950,29.7,76,1007.7,46,50.2,459,85.7,online,online
2026-09-17 10:45:23,NODE-001,1955,29.7,76,1007.7,47,50.2,459,83.8,online,online
2026-09-17 10:45:28,NODE-001,1960,29.7,76,1007.7,47,50.2,459,91.0,online,online
2026-09-17 10:45:33,NODE-001,1965,29.7,76,1007.7,47,50.2,459,87.3,online,online
2026-09-17 10:45:38,NODE-001,1970,29.7,76,1007.7,47,50.1,459,88.6,online,online
2026-09-17 10:45:43,NODE-001,1975,29.7,76,1007.7,46,50.4,459,94.3,online,online
2026-09-17 10:45:48,NODE-001,1980,29.7,76,1007.7,46,50.0,459,83.0,online,online
2026-09-17 10:45:53,NODE-001,1985,29.7,76,1007.7,47,50.1,459,87.7,online,online
2026-09-17 10:45:58,NODE-001,1990,29.7,76,1007.7,47,50.3,459,88.0,online,online
2026-09-17 10:46:03,NODE-001,1995,29.7,76,1007.7,47,50.1,459,95.2,online,online
2026-09-17 10:46:08,NODE-001,2000,29.7,76,1007.7,46,50.1,459,95.4,online,online
2026-09-17 10:46:13,NODE-001,2005,29.7,76,1007.7,47,50.4,459,92.8,online,online
2026-09-17 10:46:18,NODE-001,2010,29.7,76,1007.7,47,50.3,459,88.3,online,online
2026-09-17 10:46:23,NODE-001,2015,29.7,76,1007.7,47,50.3,459,87.1,online,online
2026-09-17 10:46:28,NODE-001,2020,29.7,76,1007.7,47,50.3,459,90.1,online,online
2026-09-17 10:46:33,NODE-001,2025,29.7,76,1007.7,47,50.3,459,86.5,online,online
2026-09-17 10:46:38,NODE-001,2030,29.7,76,1007.7,47,50.3,459,94.4,online,online
2026-09-17 10:46:43,NODE-001,2035,29.7,76,1007.7,46,50.4,459,85.2,online,online
2026-09-17 10:46:48,NODE-001,2040,29.7,76,1007.7,46,50.2,459,80.7,online,online
2026-09-17 10:46:53,NODE-001,2045,29.7,76,1007.7,47,50.4,459,89.7,online,online
2026-09-17 10:46:58,NODE-001,2050,29.7,76,1007.7,47,50.5,459,91.2,online,online
2026-09-17 10:47:03,NODE-001,2055,29.7,76,1007.7,47,50.5,459,80.4,online,online
2026-09-17 10:47:08,NODE-001,2060,29.7,76,1007.7,47,50.4,459,90.6,online,online
2026-09-17 10:47:13,NODE-001,2065,29.7,76,1007.7,47,50.4,459,91.7,online,online
2026-09-17 10:47:18,NODE-001,2070,29.7,76,1007.7,47,50.3,459,88.0,online,online
2026-09-17 10:47:23,NODE-001,2075,29.7,76,1007.7,47,50.4,459,82.9,online,online
2026-09-17 10:47:28,NODE-001,2080,29.7,76,1007.7,47,50.5,459,78.2,online,online
2026-09-17 10:47:33,NODE-001,2085,29.7,76,1007.7,47,50.7,458,91.5,online,online
2026-09-17 10:47:38,NODE-001,2090,29.7,76,1007.7,47,50.6,459,88.6,online,online
2026-09-17 10:47:43,NODE-001,2095,29.7,76,1007.7,47,50.7,458,90.6,online,online
2026-09-17 10:47:48,NODE-001,2100,29.7,76,1007.7,47,50.5,459,90.4,online,online
2026-09-17 10:47:53,NODE-001,2105,29.7,76,1007.7,47,50.5,459,83.8,online,online
2026-09-17 10:47:58,NODE-001,2110,29.7,76,1007.7,47,50.4,459,87.2,online,online
2026-09-17 10:48:03,NODE-001,2115,29.7,76,1007.7,47,50.5,459,78.3,online,online
2026-09-17 10:48:08,NODE-001,2120,29.7,76,1007.7,47,50.5,459,89.3,online,online
2026-09-17 10:48:13,NODE-001,2125,29.7,76,1007.6,47,50.7,458,80.6,online,online
2026-09-17 10:48:18,NODE-001,2130,29.7,76,1007.6,47,50.6,459,81.3,online,online
2026-09-17 10:48:23,NODE-001,2135,29.7,76,1007.6,47,50.5,459,94.7,online,online
2026-09-17 10:48:28,NODE-001,2140,29.7,76,1007.6,47,50.5,459,90.1,online,online
2026-09-17 10:48:33,NODE-001,2145,29.7,76,1007.7,47,50.6,459,85.4,online,online
2026-09-17 10:48:38,NODE-001,2150,29.7,76,1007.7,47,50.6,459,99.2,online,online
2026-09-17 10:48:43,NODE-001,2155,29.7,76,1007.7,47,50.3,459,86.3,online,online
2026-09-17 10:48:48,NODE-001,2160,29.7,76,1007.7,47,50.6,459,78.9,online,online
2026-09-17 10:48:53,NODE-001,2165,29.7,76,1007.7,47,50.5,459,87.7,online,online
2026-09-17 10:48:58,NODE-001,2170,29.7,76,1007.7,47,50.5,459,98.0,online,online
2026-09-17 10:49:03,NODE-001,2175,29.7,76,1007.7,47,50.5,459,92.6,online,online
2026-09-17 10:49:08,NODE-001,2180,29.7,76,1007.7,47,50.6,459,87.1,online,online
2026-09-17 10:49:13,NODE-001,2185,29.7,76,1007.7,47,50.7,458,82.2,online,online
2026-09-17 10:49:18,NODE-001,2190,29.7,76,1007.7,47,50.5,459,85.0,online,online
2026-09-17 10:49:23,NODE-001,2195,29.7,76,1007.7,47,50.5,459,89.5,online,online
2026-09-17 10:49:28,NODE-001,2200,29.7,76,1007.7,47,50.5,459,82.2,online,online
2026-09-17 10:49:33,NODE-001,2205,29.7,76,1007.7,47,50.6,459,93.8,online,online
2026-09-17 10:49:38,NODE-001,2210,29.7,76,1007.7,47,50.7,458,90.1,online,online
2026-09-17 10:49:43,NODE-001,2215,29.7,76,1007.7,47,50.7,458,90.3,online,online
2026-09-17 10:49:48,NODE-001,2220,29.7,76,1007.7,47,50.6,459,84.3,online,online
2026-09-17 10:49:53,NODE-001,2225,29.7,76,1007.7,47,50.7,458,87.2,online,online
2026-09-17 10:49:58,NODE-001,2230,29.7,76,1007.7,47,50.7,459,89.9,online,online
2026-09-17 10:50:03,NODE-001,2235,29.7,76,1007.7,47,50.6,459,83.7,online,online
2026-09-17 10:50:08,NODE-001,2240,29.7,76,1007.7,47,50.8,458,91.9,online,online
2026-09-17 10:50:13,NODE-001,2245,29.7,76,1007.7,47,50.9,458,91.7,online,online
2026-09-17 10:50:18,NODE-001,2250,29.7,76,1007.7,46,50.7,458,92.8,online,online
2026-09-17 10:50:23,NODE-001,2255,29.7,76,1007.7,46,50.8,458,85.6,online,online
2026-09-17 10:50:28,NODE-001,2260,29.7,76,1007.7,46,50.7,458,82.9,online,online
2026-09-17 10:50:33,NODE-001,2265,29.7,76,1007.7,46,50.9,458,84.1,online,online
2026-09-17 10:50:38,NODE-001,2270,29.7,76,1007.7,46,50.7,458,85.2,online,online
2026-09-17 10:50:43,NODE-001,2275,29.7,76,1007.7,46,50.9,458,84.2,online,online
2026-09-17 10:50:48,NODE-001,2280,29.7,76,1007.7,47,50.8,458,90.6,online,online
2026-09-17 10:50:53,NODE-001,2285,29.7,76,1007.7,46,50.8,458,91.8,online,online
2026-09-17 10:50:58,NODE-001,2290,29.7,76,1007.7,46,50.7,459,91.3,online,online
2026-09-17 10:51:03,NODE-001,2295,29.7,76,1007.7,46,50.7,458,85.3,online,online
2026-09-17 10:51:08,NODE-001,2300,29.7,76,1007.7,46,50.8,458,78.3,online,online
2026-09-17 10:51:13,NODE-001,2305,29.7,76,1007.7,46,50.8,458,79.5,online,online
2026-09-17 10:51:18,NODE-001,2310,29.7,76,1007.7,46,50.7,458,88.3,online,online
2026-09-17 10:51:23,NODE-001,2315,29.7,76,1007.7,47,50.8,458,87.1,online,online
2026-09-17 10:51:28,NODE-001,2320,29.7,76,1007.7,47,50.6,459,98.3,online,online
2026-09-17 10:51:33,NODE-001,2325,29.7,76,1007.7,47,50.9,458,98.9,online,online
2026-09-17 10:51:38,NODE-001,2330,29.7,76,1007.7,46,50.8,458,87.6,online,online
2026-09-17 10:51:43,NODE-001,2335,29.7,76,1007.7,47,50.8,458,88.6,online,online
2026-09-17 10:51:48,NODE-001,2340,29.7,76,1007.7,47,50.9,458,93.4,online,online
2026-09-17 10:51:53,NODE-001,2345,29.7,76,1007.7,46,50.8,458,89.8,online,online
2026-09-17 10:51:58,NODE-001,2350,29.8,76,1007.7,46,50.9,458,84.5,online,online
2026-09-17 10:52:03,NODE-001,2355,29.8,76,1007.7,47,50.7,458,86.4,online,online
2026-09-17 10:52:08,NODE-001,2360,29.8,76,1007.7,47,50.8,458,93.4,online,online
2026-09-17 10:52:13,NODE-001,2365,29.8,76,1007.7,47,50.8,458,84.3,online,online
2026-09-17 10:52:18,NODE-001,2370,29.8,76,1007.7,47,50.8,458,91.8,online,online
2026-09-17 10:52:23,NODE-001,2375,29.8,76,1007.7,47,50.8,458,93.1,online,online
2026-09-17 10:52:28,NODE-001,2380,29.8,76,1007.7,47,50.8,458,81.9,online,online
2026-09-17 10:52:33,NODE-001,2385,29.8,76,1007.7,47,50.9,458,93.4,online,online
2026-09-17 10:52:38,NODE-001,2390,29.8,76,1007.7,47,50.7,458,88.0,online,online
2026-09-17 10:52:43,NODE-001,2395,29.8,76,1007.7,47,50.7,458,84.7,online,online
2026-09-17 10:52:48,NODE-001,2400,29.8,76,1007.7,47,50.7,458,90.6,online,online
2026-09-17 10:52:53,NODE-001,2405,29.8,76,1007.7,47,50.7,458,88.6,online,online
2026-09-17 10:52:58,NODE-001,2410,29.8,76,1007.7,47,50.9,458,85.1,online,online
2026-09-17 10:53:03,NODE-001,2415,29.8,76,1007.7,47,50.8,458,84.3,online,online
2026-09-17 10:53:08,NODE-001,2420,29.8,76,1007.7,47,50.9,458,89.4,online,online
2026-09-17 10:53:13,NODE-001,2425,29.8,76,1007.7,47,50.8,458,86.9,online,online
2026-09-17 10:53:18,NODE-001,2430,29.8,76,1007.7,47,50.8,458,85.5,online,online
2026-09-17 10:53:23,NODE-001,2435,29.8,76,1007.7,47,50.8,458,78.3,online,online
2026-09-17 10:53:28,NODE-001,2440,29.8,76,1007.7,47,50.8,458,89.7,online,online
2026-09-17 10:53:33,NODE-001,2445,29.8,76,1007.7,47,50.7,458,88.7,online,online
2026-09-17 10:53:38,NODE-001,2450,29.8,76,1007.7,47,50.7,458,87.2,online,online
2026-09-17 10:53:43,NODE-001,2455,29.8,76,1007.7,47,50.6,459,89.1,online,online
2026-09-17 10:53:48,NODE-001,2460,29.8,76,1007.7,47,50.7,458,79.4,online,online
2026-09-17 10:53:53,NODE-001,2465,29.8,76,1007.6,47,50.7,458,91.6,online,online
2026-09-17 10:53:58,NODE-001,2470,29.8,76,1007.6,47,50.6,459,88.1,online,online
2026-09-17 10:54:03,NODE-001,2475,29.8,76,1007.6,47,50.6,459,90.7,online,online
2026-09-17 10:54:08,NODE-001,2480,29.8,76,1007.6,47,50.7,459,99.3,online,online
2026-09-17 10:54:13,NODE-001,2485,29.8,76,1007.6,47,50.8,458,83.5,online,online
2026-09-17 10:54:18,NODE-001,2490,29.8,76,1007.6,47,50.7,458,93.8,online,online
2026-09-17 10:54:23,NODE-001,2495,29.8,76,1007.6,47,50.6,459,92.8,online,online
2026-09-17 10:54:28,NODE-001,2500,29.8,76,1007.6,47,50.7,458,90.5,online,online
2026-09-17 10:54:33,NODE-001,2505,29.8,76,1007.6,47,50.6,459,81.8,online,online
2026-09-17 10:54:38,NODE-001,2510,29.8,76,1007.6,47,50.6,459,87.1,online,online
2026-09-17 10:54:43,NODE-001,2515,29.8,76,1007.6,47,50.6,459,82.3,online,online
2026-09-17 10:54:48,NODE-001,2520,29.8,76,1007.6,47,50.7,458,84.9,online,online
2026-09-17 10:54:53,NODE-001,2525,29.8,76,1007.7,47,50.6,459,78.6,online,online
2026-09-17 10:54:58,NODE-001,2530,29.8,76,1007.7,47,50.6,459,89.4,online,online
2026-09-17 10:55:03,NODE-001,2535,29.8,76,1007.6,47,50.5,459,87.8,online,online
2026-09-17 10:55:08,NODE-001,2540,29.8,76,1007.6,47,50.5,459,85.1,online,online
2026-09-17 10:55:13,NODE-001,2545,29.8,76,1007.6,47,50.5,459,85.4,online,online
2026-09-17 10:55:18,NODE-001,2550,29.8,76,1007.6,47,50.7,459,89.7,online,online
2026-09-17 10:55:23,NODE-001,2555,29.9,76,1007.6,47,50.5,459,93.1,online,online
2026-09-17 10:55:28,NODE-001,2560,29.9,76,1007.6,47,50.5,459,83.9,online,online
2026-09-17 10:55:33,NODE-001,2565,29.9,76,1007.6,47,50.4,459,90.7,online,online
2026-09-17 10:55:38,NODE-001,2570,29.8,76,1007.6,47,50.5,459,84.3,online,online
2026-09-17 10:55:43,NODE-001,2575,29.8,76,1007.6,47,50.6,459,96.4,online,online
2026-09-17 10:55:48,NODE-001,2580,29.8,76,1007.6,47,50.7,459,84.5,online,online
2026-09-17 10:55:53,NODE-001,2585,29.8,76,1007.6,47,50.6,459,82.1,online,online
2026-09-17 10:55:58,NODE-001,2590,29.8,76,1007.6,47,50.6,459,94.1,online,online
2026-09-17 10:56:03,NODE-001,2595,29.8,76,1007.6,47,50.6,459,94.4,online,online
2026-09-17 10:56:08,NODE-001,2600,29.8,76,1007.6,47,50.6,459,86.8,online,online
2026-09-17 10:56:13,NODE-001,2605,29.8,76,1007.6,47,50.5,459,97.7,online,online
2026-09-17 10:56:18,NODE-001,2610,29.8,76,1007.6,47,50.6,459,92.6,online,online
2026-09-17 10:56:23,NODE-001,2615,29.8,76,1007.6,47,50.7,458,84.5,online,online
2026-09-17 10:56:28,NODE-001,2620,29.8,76,1007.6,47,50.6,459,86.6,online,online
2026-09-17 10:56:33,NODE-001,2625,29.8,76,1007.6,47,50.4,459,101.1,online,online
2026-09-17 10:56:38,NODE-001,2630,29.8,76,1007.6,47,50.6,459,88.9,online,online
2026-09-17 10:56:43,NODE-001,2635,29.8,76,1007.6,47,50.7,459,87.0,online,online
2026-09-17 10:56:48,NODE-001,2640,29.8,76,1007.6,47,50.8,458,80.9,online,online
2026-09-17 10:56:53,NODE-001,2645,29.8,76,1007.6,47,50.5,459,92.5,online,online
2026-09-17 10:56:58,NODE-001,2650,29.8,76,1007.6,47,50.5,459,83.9,online,online
2026-09-17 10:57:03,NODE-001,2655,29.8,76,1007.6,47,50.6,459,91.2,online,online
2026-09-17 10:57:08,NODE-001,2660,29.8,76,1007.6,47,50.7,458,92.4,online,online
2026-09-17 10:57:13,NODE-001,2665,29.8,76,1007.6,47,50.6,459,82.1,online,online
2026-09-17 10:57:18,NODE-001,2670,29.8,76,1007.6,47,50.6,459,94.2,online,online
2026-09-17 10:57:23,NODE-001,2675,29.8,76,1007.6,47,50.6,459,85.8,online,online
2026-09-17 10:57:28,NODE-001,2680,29.9,76,1007.6,47,50.3,459,85.1,online,online
2026-09-17 10:57:33,NODE-001,2685,29.9,76,1007.7,47,50.4,459,88.3,online,online
2026-09-17 10:57:38,NODE-001,2690,29.9,76,1007.7,47,50.4,459,91.6,online,online
2026-09-17 10:57:43,NODE-001,2695,29.9,76,1007.7,47,50.4,459,85.7,online,online
2026-09-17 10:57:48,NODE-001,2700,29.9,76,1007.7,47,50.4,459,91.7,online,online
2026-09-17 10:57:53,NODE-001,2705,29.9,76,1007.7,47,50.4,459,83.9,online,online
2026-09-17 10:57:58,NODE-001,2710,29.9,76,1007.7,47,50.6,459,83.1,online,online
2026-09-17 10:58:03,NODE-001,2715,29.9,76,1007.7,47,50.5,459,89.3,online,online
2026-09-17 10:58:08,NODE-001,2720,29.9,76,1007.7,47,50.6,459,91.7,online,online
2026-09-17 10:58:13,NODE-001,2725,29.9,76,1007.7,46,50.2,459,89.2,online,online
2026-09-17 10:58:18,NODE-001,2730,29.9,76,1007.7,47,50.4,459,102.7,online,online
2026-09-17 10:58:23,NODE-001,2735,29.9,76,1007.7,47,50.4,459,83.5,online,online
2026-09-17 10:58:28,NODE-001,2740,29.9,76,1007.7,47,50.3,459,91.8,online,online
2026-09-17 10:58:33,NODE-001,2745,29.9,76,1007.7,47,50.4,459,79.8,online,online
2026-09-17 10:58:38,NODE-001,2750,29.9,76,1007.7,47,50.6,459,95.2,online,online
2026-09-17 10:58:43,NODE-001,2755,29.9,76,1007.7,46,50.4,459,90.4,online,online
2026-09-17 10:58:48,NODE-001,2760,29.9,76,1007.7,46,50.5,459,81.4,online,online
2026-09-17 10:58:53,NODE-001,2765,29.9,76,1007.7,46,50.4,459,86.3,online,online
2026-09-17 10:58:58,NODE-001,2770,29.9,76,1007.7,46,50.4,459,97.2,online,online
2026-09-17 10:59:03,NODE-001,2775,29.9,76,1007.7,46,50.5,459,83.8,online,online
2026-09-17 10:59:08,NODE-001,2780,29.9,76,1007.7,46,50.4,459,90.7,online,online
2026-09-17 10:59:13,NODE-001,2785,29.9,76,1007.7,46,50.5,459,88.2,online,online
2026-09-17 10:59:18,NODE-001,2790,29.9,76,1007.7,46,50.5,459,80.3,online,online
2026-09-17 10:59:23,NODE-001,2795,29.9,76,1007.7,46,50.4,459,80.6,online,online
2026-09-17 10:59:28,NODE-001,2800,29.9,76,1007.7,47,50.4,459,87.9,online,online
2026-09-17 10:59:33,NODE-001,2805,29.9,76,1007.7,47,50.5,459,95.4,online,online
2026-09-17 10:59:38,NODE-001,2810,29.9,76,1007.7,47,50.6,459,84.6,online,online
2026-09-17 10:59:43,NODE-001,2815,29.9,76,1007.7,47,50.6,459,95.9,online,online
2026-09-17 10:59:48,NODE-001,2820,29.9,76,1007.7,47,50.6,459,93.1,online,online
2026-09-17 10:59:53,NODE-001,2825,29.9,76,1007.7,47,50.6,459,85.7,online,online
2026-09-17 10:59:58,NODE-001,2830,29.8,76,1007.7,47,50.3,459,89.7,online,online
2026-09-17 11:00:03,NODE-001,2835,29.8,76,1007.7,47,50.4,459,87.0,online,online
2026-09-17 11:00:08,NODE-001,2840,29.8,76,1007.7,47,50.5,459,87.3,online,online
2026-09-17 11:00:13,NODE-001,2845,29.8,76,1007.7,47,50.6,459,82.9,online,online
2026-09-17 11:00:18,NODE-001,2850,29.8,76,1007.6,47,50.5,459,81.3,online,online
2026-09-17 11:00:23,NODE-001,2855,29.8,76,1007.6,47,50.4,459,94.5,online,online
2026-09-17 11:00:28,NODE-001,2860,29.8,76,1007.6,47,50.6,459,92.8,online,online
2026-09-17 11:00:33,NODE-001,2865,29.8,76,1007.6,47,50.4,459,87.6,online,online
2026-09-17 11:00:38,NODE-001,2870,29.8,76,1007.6,47,50.5,459,85.3,online,online
2026-09-17 11:00:43,NODE-001,2875,29.8,76,1007.6,47,50.4,459,79.2,online,online
2026-09-17 11:00:48,NODE-001,2880,29.8,76,1007.6,47,50.5,459,89.2,online,online
2026-09-17 11:00:53,NODE-001,2885,29.8,76,1007.6,47,50.5,459,100.1,online,online
2026-09-17 11:00:58,NODE-001,2890,29.8,76,1007.6,47,50.5,459,87.3,online,online
2026-09-17 11:01:03,NODE-001,2895,29.8,76,1007.6,47,50.5,459,88.5,online,online
2026-09-17 11:01:08,NODE-001,2900,29.8,76,1007.6,47,50.4,459,92.8,online,online
2026-09-17 11:01:13,NODE-001,2905,29.8,76,1007.6,47,50.6,459,82.6,online,online
2026-09-17 11:01:18,NODE-001,2910,29.8,76,1007.6,47,50.4,459,90.7,online,online
2026-09-17 11:01:23,NODE-001,2915,29.8,76,1007.6,47,50.4,459,90.8,online,online
2026-09-17 11:01:28,NODE-001,2920,29.9,76,1007.6,47,50.4,459,88.1,online,online
2026-09-17 11:01:33,NODE-001,2925,29.9,76,1007.6,47,50.5,459,89.9,online,online
2026-09-17 11:01:38,NODE-001,2930,29.9,76,1007.6,47,50.3,459,89.8,online,online
2026-09-17 11:01:43,NODE-001,2935,29.9,76,1007.6,47,50.4,459,88.9,online,online
2026-09-17 11:01:48,NODE-001,2940,29.9,76,1007.6,47,50.4,459,85.0,online,online
2026-09-17 11:01:53,NODE-001,2945,29.9,76,1007.6,47,50.5,459,83.4,online,online
2026-09-17 11:01:58,NODE-001,2950,29.9,76,1007.7,47,50.4,459,96.5,online,online
2026-09-17 11:02:03,NODE-001,2955,29.9,76,1007.7,47,50.5,459,88.6,online,online
2026-09-17 11:02:08,NODE-001,2960,29.9,76,1007.7,47,50.4,459,81.9,online,online
2026-09-17 11:02:13,NODE-001,2965,29.9,76,1007.7,47,50.4,459,87.1,online,online
2026-09-17 11:02:18,NODE-001,2970,29.9,76,1007.7,47,50.5,459,84.5,online,online
2026-09-17 11:02:23,NODE-001,2975,29.9,76,1007.7,47,50.5,459,89.7,online,online
2026-09-17 11:02:28,NODE-001,2980,29.9,76,1007.7,47,50.5,459,78.9,online,online
2026-09-17 11:02:33,NODE-001,2985,29.9,76,1007.7,47,50.6,459,78.6,online,online
2026-09-17 11:02:38,NODE-001,2990,29.9,76,1007.7,47,50.4,459,80.6,online,online
2026-09-17 11:02:43,NODE-001,2995,29.9,76,1007.7,47,50.4,459,90.8,online,online
2026-09-17 11:02:48,NODE-001,3000,29.9,76,1007.6,47,50.5,459,94.6,online,online
2026-09-17 11:02:53,NODE-001,3005,29.9,76,1007.6,47,50.6,459,82.3,online,online
2026-09-17 11:02:58,NODE-001,3010,29.9,76,1007.6,47,50.5,459,85.0,online,online
2026-09-17 11:03:03,NODE-001,3015,29.9,76,1007.7,47,50.6,459,89.3,online,online
2026-09-17 11:03:08,NODE-001,3020,29.9,76,1007.7,47,50.4,459,91.2,online,online
2026-09-17 11:03:13,NODE-001,3025,29.9,76,1007.7,47,50.6,459,91.4,online,online
2026-09-17 11:03:18,NODE-001,3030,29.9,76,1007.7,47,50.5,459,86.2,online,online
2026-09-17 11:03:23,NODE-001,3035,29.9,76,1007.7,46,50.4,459,89.0,online,online
2026-09-17 11:03:28,NODE-001,3040,29.9,76,1007.7,46,50.4,459,98.4,online,online
2026-09-17 11:03:33,NODE-001,3045,29.9,76,1007.7,46,50.4,459,95.3,online,online
2026-09-17 11:03:38,NODE-001,3050,29.9,76,1007.7,46,50.3,459,93.5,online,online
2026-09-17 11:03:43,NODE-001,3055,29.9,76,1007.7,46,50.3,459,81.9,online,online
2026-09-17 11:03:48,NODE-001,3060,30.0,76,1007.7,46,50.4,459,83.1,online,online
2026-09-17 11:03:53,NODE-001,3065,30.0,76,1007.7,46,50.6,459,90.8,online,online
2026-09-17 11:03:58,NODE-001,3070,30.0,76,1007.7,46,50.3,459,84.2,online,online
2026-09-17 11:04:03,NODE-001,3075,30.0,76,1007.7,46,50.3,459,79.5,online,online
2026-09-17 11:04:08,NODE-001,3080,30.0,76,1007.7,46,50.3,459,90.6,online,online
2026-09-17 11:04:13,NODE-001,3085,30.0,76,1007.7,46,50.3,459,94.9,online,online
2026-09-17 11:04:18,NODE-001,3090,30.0,76,1007.7,46,50.3,459,93.1,online,online
2026-09-17 11:04:23,NODE-001,3095,30.0,76,1007.7,46,50.3,459,82.5,online,online
2026-09-17 11:04:28,NODE-001,3100,30.0,76,1007.7,46,50.3,459,86.7,online,online
2026-09-17 11:04:33,NODE-001,3105,30.0,76,1007.7,46,50.3,459,86.9,online,online
2026-09-17 11:04:38,NODE-001,3110,30.0,76,1007.7,46,50.3,459,81.8,online,online
2026-09-17 11:04:43,NODE-001,3115,30.0,76,1007.7,46,50.3,459,94.3,online,online
2026-09-17 11:04:48,NODE-001,3120,30.0,76,1007.7,46,50.2,459,88.8,online,online
2026-09-17 11:04:53,NODE-001,3125,30.0,76,1007.7,46,50.3,459,88.6,online,online
