date,mean_temperature_c,rainfall_mm_per_day,mean_humidity_percent
2016-01-01,24.2,0.0,66.3
2016-01-02,25.4,0.0,70.2
2016-01-03,23.0,0.0,65.6
2016-01-04,26.8,0.0,66.5
2016-01-05,25.9,0.0,65.2
2016-01-06,24.9,0.0,74.6
2016-01-07,24.9,0.0,64.5
2016-01-08,25.6,0.0,58.6
2016-01-09,25.0,0.0,62.6
2016-01-10,25.0,0.0,65.0
2016-01-11,26.2,0.0,68.5
2016-01-12,25.9,0.0,65.2
2016-01-13,25.3,0.0,68.6
2016-01-14,25.3,0.0,68.7
2016-01-15,25.6,0.0,66.2
2016-01-16,24.7,0.0,70.9
2016-01-17,25.0,0.0,63.7
2016-01-18,26.1,0.0,63.3
2016-01-19,25.4,0.0,72.1
2016-01-20,24.0,0.0,68.2
2016-01-21,25.1,0.0,55.0
2016-01-22,26.4,0.0,66.0
2016-01-23,25.4,0.0,70.5
2016-01-24,25.5,0.0,74.6
2016-01-25,26.5,0.0,71.0
2016-01-26,27.9,0.0,69.5
2016-01-27,25.0,0.0,72.6
2016-01-28,27.4,0.0,72.6
2016-01-29,24.5,0.0,73.2
2016-01-30,26.1,0.0,63.0
2016-01-31,24.6,0.0,67.7
2016-02-01,27.5,0.0,61.3
2016-02-02,27.0,0.0,72.8
2016-02-03,27.4,0.0,65.0
2016-02-04,25.1,0.0,63.5
2016-02-05,26.9,0.0,76.1
2016-02-06,25.6,0.0,63.2
2016-02-07,25.7,0.0,66.2
2016-02-08,26.8,0.0,68.0
2016-02-09,27.3,0.0,67.2
2016-02-10,26.6,0.0,73.1
2016-02-11,25.7,0.0,70.7
2016-02-12,25.5,0.0,63.5
2016-02-13,28.1,0.0,71.5
2016-02-14,27.2,0.0,66.7
2016-02-15,27.4,0.0,65.4
2016-02-16,29.1,0.0,70.5
2016-02-17,25.7,0.0,69.8
2016-02-18,29.6,0.0,68.5
2016-02-19,30.4,0.0,64.0
2016-02-20,28.7,0.0,68.2
2016-02-21,27.8,0.0,62.4
2016-02-22,26.1,0.0,71.2
2016-02-23,28.1,0.0,66.5
2016-02-24,26.5,0.0,67.3
2016-02-25,27.0,0.0,70.8
2016-02-26,26.8,0.0,66.8
2016-02-27,27.5,0.0,69.8
2016-02-28,28.7,0.0,64.5
2016-02-29,26.6,0.0,68.9
2016-03-01,26.2,0.0,71.7
2016-03-02,26.2,0.0,59.4
2016-03-03,26.3,0.0,65.5
2016-03-04,25.8,0.0,68.0
2016-03-05,26.4,0.0,66.8
2016-03-06,29.0,0.0,69.6
2016-03-07,26.9,0.0,72.6
2016-03-08,27.9,0.0,67.9
2016-03-09,26.3,0.0,69.5
2016-03-10,27.9,0.0,69.3
2016-03-11,25.8,0.0,71.9
2016-03-12,27.0,0.0,70.8
2016-03-13,30.5,0.0,74.1
2016-03-14,27.3,0.0,72.3
2016-03-15,29.3,0.0,64.7
2016-03-16,28.6,0.0,68.6
2016-03-17,27.9,0.0,71.7
2016-03-18,27.4,0.0,68.0
2016-03-19,29.7,0.0,55.0
2016-03-20,28.1,0.0,75.4
2016-03-21,30.1,0.0,69.3
2016-03-22,27.5,0.0,68.7
2016-03-23,28.5,0.0,68.8
2016-03-24,29.0,0.0,63.7
2016-03-25,28.9,0.0,67.5
2016-03-26,27.1,0.0,65.8
2016-03-27,27.8,0.0,63.7
2016-03-28,28.4,0.0,68.0
2016-03-29,27.7,0.0,69.2
2016-03-30,29.5,0.0,72.3
2016-03-31,29.5,0.0,68.7
2016-04-01,26.6,0.0,66.8
2016-04-02,26.8,0.0,70.1
2016-04-03,27.5,0.0,72.3
2016-04-04,29.1,0.0,71.9
2016-04-05,31.4,0.0,66.6
2016-04-06,28.7,0.0,68.0
2016-04-07,29.4,0.0,66.4
2016-04-08,28.0,0.0,77.3
2016-04-09,28.0,0.0,72.2
2016-04-10,27.0,0.0,73.2
2016-04-11,29.3,0.0,63.4
2016-04-12,30.5,0.0,69.5
2016-04-13,29.0,0.0,74.2
2016-04-14,31.1,0.0,62.3
2016-04-15,29.7,0.0,67.6
2016-04-16,29.5,0.0,59.5
2016-04-17,30.2,0.0,81.6
2016-04-18,30.2,0.0,69.3
2016-04-19,31.0,0.0,66.0
2016-04-20,28.8,0.0,72.4
2016-04-21,27.1,0.0,66.7
2016-04-22,30.0,0.0,71.4
2016-04-23,29.2,0.0,66.5
2016-04-24,29.9,0.0,73.8
2016-04-25,31.9,0.0,65.8
2016-04-26,28.7,0.0,69.5
2016-04-27,30.9,0.0,64.4
2016-04-28,31.1,0.0,69.8
2016-04-29,30.6,0.0,68.7
2016-04-30,31.4,0.0,63.6
2016-05-01,29.6,0.0,77.5
2016-05-02,29.4,16.9,68.6
2016-05-03,31.4,0.0,69.6
2016-05-04,31.1,0.0,73.9
2016-05-05,31.9,0.0,65.6
2016-05-06,30.6,0.0,65.1
2016-05-07,32.2,0.0,67.2
2016-05-08,30.1,0.0,75.1
2016-05-09,29.2,0.0,66.0
2016-05-10,28.1,0.0,82.2
2016-05-11,29.2,0.0,71.8
2016-05-12,31.5,0.0,72.6
2016-05-13,28.9,0.0,73.2
2016-05-14,30.1,0.0,68.4
2016-05-15,33.0,0.0,71.2
2016-05-16,31.6,0.0,68.8
2016-05-17,32.7,0.0,71.3
2016-05-18,29.5,0.0,70.9
2016-05-19,27.9,0.0,78.5
2016-05-20,32.5,0.0,73.2
2016-05-21,29.1,0.0,72.6
2016-05-22,30.9,0.0,71.9
2016-05-23,31.0,0.0,69.5
2016-05-24,29.7,0.0,68.9
2016-05-25,32.6,0.0,72.2
2016-05-26,32.6,0.0,79.0
2016-05-27,31.5,0.0,75.8
2016-05-28,30.8,0.0,71.0
2016-05-29,31.1,0.0,70.5
2016-05-30,29.6,0.0,72.8
2016-05-31,30.6,0.22,79.0
2016-06-01,30.8,7.52,79.1
2016-06-02,30.0,0.0,73.1
2016-06-03,31.9,0.0,72.3
2016-06-04,29.3,0.0,77.4
2016-06-05,30.4,0.0,72.0
2016-06-06,28.4,0.0,74.5
2016-06-07,31.5,10.55,83.0
2016-06-08,31.8,0.0,73.2
2016-06-09,31.7,5.3,76.8
2016-06-10,34.3,147.26,76.4
2016-06-11,32.1,40.48,80.8
2016-06-12,29.9,0.0,78.0
2016-06-13,34.1,72.53,70.9
2016-06-14,29.9,2.45,72.7
2016-06-15,31.9,55.77,80.1
2016-06-16,31.9,25.42,77.5
2016-06-17,30.0,0.0,75.8
2016-06-18,32.6,0.0,72.2
2016-06-19,31.4,0.53,79.6
2016-06-20,31.6,0.0,76.6
2016-06-21,30.2,1.11,81.9
2016-06-22,32.5,15.59,80.4
2016-06-23,30.0,10.49,75.2
2016-06-24,28.9,22.81,73.8
2016-06-25,32.6,4.26,77.1
2016-06-26,30.5,33.34,81.4
2016-06-27,31.0,5.37,83.1
2016-06-28,33.1,0.0,71.5
2016-06-29,32.2,1.1,86.4
2016-06-30,31.6,0.0,81.6
2016-07-01,32.1,0.0,79.2
2016-07-02,30.0,0.0,72.1
2016-07-03,31.7,0.0,76.4
2016-07-04,32.1,23.76,86.3
2016-07-05,31.7,0.0,81.5
2016-07-06,30.6,0.0,81.8
2016-07-07,26.5,18.43,80.0
2016-07-08,31.4,28.86,79.5
2016-07-09,30.9,0.0,80.3
2016-07-10,30.3,5.2,85.9
2016-07-11,31.6,5.95,85.9
2016-07-12,31.0,19.74,85.0
2016-07-13,30.9,88.05,81.2
2016-07-14,28.9,6.55,84.2
2016-07-15,28.9,83.19,89.4
2016-07-16,31.0,16.11,86.5
2016-07-17,30.6,0.0,88.7
2016-07-18,30.7,0.0,76.6
2016-07-19,30.7,0.0,74.1
2016-07-20,30.9,1.25,86.5
2016-07-21,30.5,0.0,82.3
2016-07-22,30.6,0.53,66.9
2016-07-23,30.7,2.65,86.5
2016-07-24,31.4,0.0,88.0
2016-07-25,29.7,24.48,84.6
2016-07-26,31.2,18.18,83.8
2016-07-27,31.0,10.75,76.3
2016-07-28,30.3,0.0,88.0
2016-07-29,29.6,3.82,94.5
2016-07-30,30.6,0.0,94.8
2016-07-31,31.1,2.44,83.3
2016-08-01,28.8,6.07,83.8
2016-08-02,30.1,0.0,86.6
2016-08-03,30.1,0.96,77.8
2016-08-04,29.2,27.31,80.5
2016-08-05,29.2,25.82,86.1
2016-08-06,28.1,0.0,84.1
2016-08-07,28.6,16.64,80.4
2016-08-08,28.0,10.86,82.3
2016-08-09,29.0,0.99,77.1
2016-08-10,29.1,2.38,80.7
2016-08-11,29.0,0.0,87.5
2016-08-12,30.0,10.94,79.5
2016-08-13,29.4,0.0,78.9
2016-08-14,28.7,2.44,80.1
2016-08-15,28.6,3.61,76.5
2016-08-16,28.1,3.14,84.8
2016-08-17,29.2,0.0,74.7
2016-08-18,29.1,0.0,77.3
2016-08-19,31.2,9.25,82.5
2016-08-20,31.0,0.0,72.2
2016-08-21,30.9,0.0,87.9
2016-08-22,31.5,6.43,86.9
2016-08-23,27.7,0.0,80.9
2016-08-24,29.8,27.49,86.2
2016-08-25,29.9,24.47,81.7
2016-08-26,29.5,64.94,83.1
2016-08-27,31.4,0.0,85.3
2016-08-28,31.8,16.68,89.9
2016-08-29,29.9,0.81,80.8
2016-08-30,29.5,0.39,90.3
2016-08-31,27.4,17.75,84.5
2016-09-01,27.4,1.32,86.5
2016-09-02,29.4,7.05,79.2
2016-09-03,28.5,0.0,80.6
2016-09-04,27.0,24.13,88.8
2016-09-05,28.3,1.98,75.7
2016-09-06,28.8,115.74,72.8
2016-09-07,29.4,0.43,88.4
2016-09-08,28.2,0.0,68.5
2016-09-09,27.9,8.14,81.9
2016-09-10,28.2,0.0,74.2
2016-09-11,28.4,0.0,76.1
2016-09-12,26.8,26.15,68.5
2016-09-13,29.0,0.0,75.6
2016-09-14,30.5,4.28,70.0
2016-09-15,28.9,4.22,75.7
2016-09-16,26.2,0.0,77.7
2016-09-17,28.0,0.0,68.9
2016-09-18,25.8,0.0,79.7
2016-09-19,25.6,0.0,79.2
2016-09-20,28.4,8.24,65.1
2016-09-21,27.7,0.0,72.3
2016-09-22,26.8,18.67,70.8
2016-09-23,25.1,0.0,90.3
2016-09-24,26.0,43.99,74.0
2016-09-25,27.6,10.47,67.3
2016-09-26,27.4,6.99,74.3
2016-09-27,28.1,0.0,67.3
2016-09-28,29.0,0.0,69.6
2016-09-29,26.8,60.88,78.9
2016-09-30,27.7,0.0,72.6
2016-10-01,27.0,0.05,73.0
2016-10-02,26.5,0.0,77.3
2016-10-03,26.8,0.0,81.2
2016-10-04,28.1,19.57,73.5
2016-10-05,25.8,32.09,66.7
2016-10-06,28.2,8.03,71.3
2016-10-07,28.5,0.0,72.8
2016-10-08,26.8,49.88,70.5
2016-10-09,27.0,1.29,74.1
2016-10-10,25.1,0.0,67.5
2016-10-11,29.4,1.44,79.2
2016-10-12,27.7,0.0,72.9
2016-10-13,26.8,0.0,62.9
2016-10-14,26.6,0.0,70.3
2016-10-15,27.0,0.0,73.4
2016-10-16,25.7,0.0,71.9
2016-10-17,26.7,0.0,77.0
2016-10-18,25.3,0.0,64.9
2016-10-19,26.9,0.0,62.3
2016-10-20,25.5,0.0,73.3
2016-10-21,27.2,0.0,67.3
2016-10-22,26.0,0.0,67.4
2016-10-23,26.4,0.0,72.9
2016-10-24,29.5,0.0,64.4
2016-10-25,27.0,0.0,62.6
2016-10-26,26.3,0.0,63.4
2016-10-27,26.0,0.0,71.8
2016-10-28,24.7,0.0,67.7
2016-10-29,27.2,0.0,64.9
2016-10-30,27.7,0.0,58.6
2016-10-31,25.9,0.0,71.3
2016-11-01,27.7,0.0,63.1
2016-11-02,25.6,0.0,71.0
2016-11-03,23.7,0.0,65.9
2016-11-04,24.9,0.0,69.1
2016-11-05,24.4,0.0,64.4
2016-11-06,25.3,0.0,69.2
2016-11-07,26.3,0.0,57.9
2016-11-08,24.5,1.23,64.0
2016-11-09,25.4,0.0,69.9
2016-11-10,25.7,0.0,74.3
2016-11-11,24.6,0.0,69.6
2016-11-12,24.4,0.0,64.2
2016-11-13,25.5,0.0,64.4
2016-11-14,26.4,0.0,67.7
2016-11-15,24.7,0.0,61.7
2016-11-16,24.5,0.0,72.0
2016-11-17,25.2,0.0,76.5
2016-11-18,25.6,0.0,64.8
2016-11-19,24.7,0.0,56.9
2016-11-20,24.9,0.0,63.5
2016-11-21,25.0,0.0,66.2
2016-11-22,24.0,0.0,64.5
2016-11-23,25.0,0.0,72.8
2016-11-24,24.5,0.0,71.7
2016-11-25,27.0,0.0,63.3
2016-11-26,24.6,0.0,72.6
2016-11-27,25.7,0.0,74.8
2016-11-28,25.6,0.0,59.4
2016-11-29,23.8,0.0,66.0
2016-11-30,23.7,0.0,67.7
2016-12-01,24.6,0.0,73.7
2016-12-02,25.8,0.0,59.9
2016-12-03,24.4,0.0,65.6
2016-12-04,24.3,0.0,63.9
2016-12-05,21.7,0.0,63.1
2016-12-06,24.6,0.0,66.2
2016-12-07,25.4,0.0,70.6
2016-12-08,25.5,0.0,70.1
2016-12-09,25.5,0.0,73.3
2016-12-10,24.6,0.0,64.9
2016-12-11,24.7,0.0,67.9
2016-12-12,26.0,0.0,69.7
2016-12-13,24.8,0.0,74.0
2016-12-14,22.4,0.0,63.1
2016-12-15,26.2,0.0,67.4
2016-12-16,23.8,0.0,62.8
2016-12-17,26.6,0.0,69.1
2016-12-18,27.0,0.0,60.3
2016-12-19,25.9,0.0,62.0
2016-12-20,26.1,0.0,67.5
2016-12-21,27.2,0.0,62.3
2016-12-22,23.8,0.0,68.9
2016-12-23,25.3,0.0,63.6
2016-12-24,25.3,0.0,56.9
2016-12-25,23.9,0.0,64.2
2016-12-26,27.4,0.0,72.5
2016-12-27,24.4,0.0,69.4
2016-12-28,24.2,0.0,70.2
2016-12-29,25.4,0.0,55.0
2016-12-30,26.3,0.0,65.3
2016-12-31,24.4,0.0,70.4
2017-01-01,24.5,0.0,66.2
2017-01-02,25.8,0.0,71.1
2017-01-03,23.6,0.0,69.8
2017-01-04,24.4,0.0,65.0
2017-01-05,24.3,0.0,72.0
2017-01-06,24.8,0.0,74.5
2017-01-07,25.2,0.0,71.1
2017-01-08,27.5,0.0,70.6
2017-01-09,26.4,0.0,62.2
2017-01-10,25.4,0.0,68.4
2017-01-11,25.1,0.0,69.0
2017-01-12,26.4,0.0,63.3
2017-01-13,25.9,0.0,66.3
2017-01-14,26.5,0.0,64.9
2017-01-15,27.1,0.0,73.4
2017-01-16,24.4,0.0,63.3
2017-01-17,23.0,0.0,68.9
2017-01-18,25.6,0.0,67.7
2017-01-19,25.7,0.0,70.4
2017-01-20,26.0,0.0,67.7
2017-01-21,25.0,0.0,63.9
2017-01-22,25.4,0.0,69.1
2017-01-23,26.4,0.0,76.8
2017-01-24,26.5,0.0,70.1
2017-01-25,27.3,0.0,72.8
2017-01-26,23.3,0.0,60.8
2017-01-27,24.0,0.0,76.3
2017-01-28,27.6,0.0,73.5
2017-01-29,26.6,0.0,67.6
2017-01-30,26.9,0.0,71.3
2017-01-31,25.7,0.0,75.9
2017-02-01,25.5,0.0,67.8
2017-02-02,26.3,0.0,63.1
2017-02-03,25.1,0.0,71.8
2017-02-04,24.4,0.0,67.0
2017-02-05,24.9,0.0,70.4
2017-02-06,26.4,0.0,66.6
2017-02-07,27.0,0.0,61.1
2017-02-08,28.2,0.0,65.9
2017-02-09,26.8,0.0,70.5
2017-02-10,27.0,0.0,63.0
2017-02-11,28.4,0.0,75.5
2017-02-12,25.6,0.0,58.8
2017-02-13,25.5,0.0,64.0
2017-02-14,26.0,0.0,69.2
2017-02-15,26.5,0.0,68.9
2017-02-16,29.0,0.0,71.6
2017-02-17,26.3,0.0,68.7
2017-02-18,28.3,0.0,75.3
2017-02-19,26.3,0.0,65.8
2017-02-20,27.4,0.0,70.7
2017-02-21,27.7,0.0,64.9
2017-02-22,27.6,0.0,73.2
2017-02-23,27.9,0.0,67.0
2017-02-24,26.3,0.0,66.5
2017-02-25,28.8,0.0,67.8
2017-02-26,28.3,0.0,63.7
2017-02-27,26.4,0.0,66.1
2017-02-28,27.8,0.0,60.6
2017-03-01,26.1,0.0,66.4
2017-03-02,27.5,0.0,67.5
2017-03-03,26.1,0.0,70.7
2017-03-04,28.3,0.0,65.8
2017-03-05,30.9,0.0,61.9
2017-03-06,29.3,0.0,67.5
2017-03-07,28.5,0.0,65.0
2017-03-08,26.6,0.0,63.5
2017-03-09,28.2,0.0,75.5
2017-03-10,29.1,0.0,66.6
2017-03-11,27.7,0.0,80.7
2017-03-12,28.0,0.0,66.0
2017-03-13,26.0,0.0,62.8
2017-03-14,27.0,0.0,66.5
2017-03-15,25.9,0.0,63.8
2017-03-16,30.3,0.0,71.0
2017-03-17,28.7,0.0,65.3
2017-03-18,29.0,0.0,67.7
2017-03-19,28.0,0.0,71.2
2017-03-20,26.6,0.0,67.1
2017-03-21,28.5,0.0,68.4
2017-03-22,27.7,0.0,64.9
2017-03-23,27.3,0.0,71.8
2017-03-24,28.6,0.0,75.2
2017-03-25,28.7,0.0,66.6
2017-03-26,28.4,0.0,63.2
2017-03-27,27.8,0.0,68.1
2017-03-28,27.6,0.0,75.5
2017-03-29,28.8,0.0,66.7
2017-03-30,30.2,0.0,74.2
2017-03-31,27.0,0.0,63.7
2017-04-01,28.1,0.0,66.9
2017-04-02,28.8,0.0,72.4
2017-04-03,28.8,0.0,68.9
2017-04-04,28.4,0.0,65.7
2017-04-05,31.3,0.0,75.6
2017-04-06,29.6,0.0,67.6
2017-04-07,28.1,0.0,68.3
2017-04-08,27.1,0.0,66.7
2017-04-09,29.1,0.0,64.0
2017-04-10,31.0,0.0,68.7
2017-04-11,29.6,0.0,73.7
2017-04-12,26.8,0.0,67.4
2017-04-13,27.9,0.0,73.6
2017-04-14,29.7,0.0,64.1
2017-04-15,30.8,0.0,69.0
2017-04-16,29.8,0.0,71.1
2017-04-17,29.8,0.0,70.5
2017-04-18,30.9,0.0,67.4
2017-04-19,31.2,0.0,59.6
2017-04-20,29.0,0.0,67.7
2017-04-21,30.3,0.0,72.5
2017-04-22,28.8,0.0,71.3
2017-04-23,28.7,0.0,68.1
2017-04-24,30.6,0.0,74.8
2017-04-25,28.3,0.0,63.9
2017-04-26,30.2,0.0,70.7
2017-04-27,30.4,0.0,76.4
2017-04-28,31.1,0.0,76.1
2017-04-29,28.8,0.0,78.0
2017-04-30,30.6,0.0,63.6
2017-05-01,30.1,0.0,67.5
2017-05-02,32.0,0.0,70.1
2017-05-03,29.4,0.0,73.2
2017-05-04,29.0,0.0,64.3
2017-05-05,30.9,0.0,71.1
2017-05-06,29.4,10.64,66.1
2017-05-07,28.9,0.0,69.5
2017-05-08,31.5,0.0,62.9
2017-05-09,31.0,9.79,73.1
2017-05-10,26.9,0.0,61.7
2017-05-11,29.5,0.0,72.3
2017-05-12,29.3,0.0,65.0
2017-05-13,31.3,0.0,67.2
2017-05-14,32.3,0.0,73.7
2017-05-15,33.0,0.0,72.5
2017-05-16,31.5,0.0,65.6
2017-05-17,29.4,0.0,60.6
2017-05-18,29.4,0.0,72.5
2017-05-19,29.7,0.0,72.7
2017-05-20,31.3,9.35,65.1
2017-05-21,32.3,0.0,80.2
2017-05-22,28.6,0.0,76.3
2017-05-23,31.5,0.0,65.8
2017-05-24,31.9,0.0,76.7
2017-05-25,31.2,0.0,66.7
2017-05-26,34.6,0.0,80.1
2017-05-27,31.5,0.0,80.9
2017-05-28,31.0,0.0,81.5
2017-05-29,31.7,0.0,67.9
2017-05-30,30.3,0.0,72.3
2017-05-31,29.7,0.0,68.3
2017-06-01,31.5,0.0,69.9
2017-06-02,32.3,6.14,83.8
2017-06-03,30.7,0.0,75.3
2017-06-04,32.1,0.0,73.8
2017-06-05,30.6,342.27,74.3
2017-06-06,32.9,0.0,71.5
2017-06-07,31.3,1.13,73.1
2017-06-08,31.7,0.18,78.1
2017-06-09,31.9,0.0,74.6
2017-06-10,29.5,7.0,74.5
2017-06-11,30.9,7.15,75.6
2017-06-12,33.2,13.81,77.1
2017-06-13,31.1,0.0,76.1
2017-06-14,32.7,0.0,74.8
2017-06-15,32.1,33.5,75.3
2017-06-16,29.0,0.0,79.6
2017-06-17,31.9,0.0,76.2
2017-06-18,29.8,0.0,77.0
2017-06-19,31.4,78.12,75.1
2017-06-20,30.6,0.0,77.9
2017-06-21,31.1,0.0,80.9
2017-06-22,31.0,5.78,70.5
2017-06-23,31.3,0.0,79.8
2017-06-24,30.5,0.0,82.0
2017-06-25,29.5,8.26,79.5
2017-06-26,29.9,3.85,76.7
2017-06-27,32.1,0.0,84.0
2017-06-28,33.0,4.81,84.3
2017-06-29,31.3,0.0,76.0
2017-06-30,32.0,0.0,82.3
2017-07-01,32.1,5.46,81.5
2017-07-02,29.4,0.0,71.4
2017-07-03,28.8,25.85,82.3
2017-07-04,30.9,41.15,74.6
2017-07-05,28.7,0.0,81.2
2017-07-06,30.6,0.22,74.5
2017-07-07,29.2,11.44,83.7
2017-07-08,30.1,3.97,92.2
2017-07-09,30.0,4.78,78.8
2017-07-10,31.4,4.84,77.5
2017-07-11,30.0,15.43,74.6
2017-07-12,29.4,15.18,77.4
2017-07-13,30.8,0.0,86.8
2017-07-14,34.1,0.0,82.4
2017-07-15,31.3,8.19,74.5
2017-07-16,28.4,133.46,81.3
2017-07-17,30.7,32.06,80.8
2017-07-18,33.6,0.0,85.3
2017-07-19,30.8,2.59,80.4
2017-07-20,32.0,0.0,84.5
2017-07-21,31.8,11.48,82.3
2017-07-22,31.9,0.38,75.2
2017-07-23,31.7,0.0,78.2
2017-07-24,30.8,57.93,88.8
2017-07-25,30.2,0.0,84.6
2017-07-26,30.1,43.15,83.8
2017-07-27,30.5,0.0,82.9
2017-07-28,30.8,0.0,75.6
2017-07-29,28.8,13.63,81.8
2017-07-30,29.9,32.79,84.9
2017-07-31,30.2,17.95,86.3
2017-08-01,30.3,1.75,87.7
2017-08-02,29.8,1.98,84.7
2017-08-03,31.0,0.0,85.6
2017-08-04,29.9,18.4,80.4
2017-08-05,29.6,8.04,89.3
2017-08-06,28.5,0.0,78.4
2017-08-07,29.0,24.4,84.3
2017-08-08,30.1,14.02,81.5
2017-08-09,30.0,0.0,88.3
2017-08-10,27.5,5.97,81.9
2017-08-11,30.8,5.5,85.8
2017-08-12,28.9,10.52,79.2
2017-08-13,28.6,0.0,87.7
2017-08-14,30.9,19.99,86.5
2017-08-15,30.9,0.0,89.1
2017-08-16,28.7,0.0,80.7
2017-08-17,29.1,0.0,86.0
2017-08-18,28.0,2.37,84.9
2017-08-19,30.3,1.86,86.8
2017-08-20,30.4,0.0,84.8
2017-08-21,28.8,8.53,82.2
2017-08-22,30.9,17.15,86.4
2017-08-23,30.3,0.0,68.9
2017-08-24,29.0,7.85,79.4
2017-08-25,29.9,0.0,76.8
2017-08-26,27.2,1.98,85.7
2017-08-27,28.7,1.63,79.5
2017-08-28,29.3,2.56,83.5
2017-08-29,28.9,0.48,80.7
2017-08-30,31.2,0.0,84.8
2017-08-31,29.2,10.55,83.4
2017-09-01,29.2,0.0,79.5
2017-09-02,27.2,6.88,81.5
2017-09-03,28.5,58.92,79.1
2017-09-04,27.7,0.0,76.8
2017-09-05,31.3,0.0,80.9
2017-09-06,28.0,0.0,85.4
2017-09-07,28.6,0.72,82.1
2017-09-08,29.8,0.0,74.4
2017-09-09,29.1,26.05,81.6
2017-09-10,26.7,0.71,73.9
2017-09-11,29.0,10.12,63.8
2017-09-12,29.0,0.0,72.7
2017-09-13,27.9,0.0,77.6
2017-09-14,28.6,0.0,70.0
2017-09-15,28.2,61.34,77.2
2017-09-16,26.4,6.16,81.4
2017-09-17,27.3,0.0,75.5
2017-09-18,27.9,0.0,77.7
2017-09-19,27.2,0.0,74.2
2017-09-20,28.4,4.11,64.6
2017-09-21,28.9,0.0,76.1
2017-09-22,28.0,25.47,71.4
2017-09-23,27.2,0.0,75.9
2017-09-24,29.2,1.07,65.5
2017-09-25,27.7,0.0,74.9
2017-09-26,27.9,23.06,76.3
2017-09-27,26.6,0.0,80.0
2017-09-28,27.1,11.15,74.5
2017-09-29,28.5,1.28,67.4
2017-09-30,28.1,2.69,73.3
2017-10-01,27.0,5.22,64.1
2017-10-02,27.2,9.27,64.2
2017-10-03,27.4,0.16,73.6
2017-10-04,26.0,0.0,74.9
2017-10-05,26.8,0.0,73.2
2017-10-06,26.4,0.0,77.4
2017-10-07,25.4,62.55,75.4
2017-10-08,27.1,2.95,74.2
2017-10-09,26.7,0.0,64.0
2017-10-10,25.1,1.33,68.1
2017-10-11,25.8,0.0,71.8
2017-10-12,26.6,17.65,64.4
2017-10-13,23.3,0.0,65.2
2017-10-14,26.8,0.0,63.7
2017-10-15,26.9,0.0,67.4
2017-10-16,27.3,0.0,71.0
2017-10-17,25.8,0.0,75.5
2017-10-18,24.8,0.0,70.2
2017-10-19,27.1,0.0,68.2
2017-10-20,24.8,0.0,65.0
2017-10-21,26.9,0.0,75.5
2017-10-22,25.5,0.0,70.6
2017-10-23,25.1,0.0,72.6
2017-10-24,26.5,3.92,64.5
2017-10-25,27.4,0.0,63.4
2017-10-26,25.9,0.0,70.1
2017-10-27,25.8,0.0,69.4
2017-10-28,24.1,0.0,74.3
2017-10-29,27.0,0.0,65.7
2017-10-30,26.0,0.0,67.5
2017-10-31,25.6,0.0,66.1
2017-11-01,27.4,0.0,73.1
2017-11-02,24.1,0.0,64.7
2017-11-03,25.2,0.0,71.7
2017-11-04,25.8,0.0,67.9
2017-11-05,25.4,0.0,70.6
2017-11-06,22.9,0.0,74.1
2017-11-07,26.1,0.0,70.2
2017-11-08,25.6,0.0,76.6
2017-11-09,26.8,0.0,69.4
2017-11-10,27.9,0.0,59.5
2017-11-11,25.4,0.0,69.4
2017-11-12,26.0,0.0,66.7
2017-11-13,25.8,0.0,63.7
2017-11-14,25.7,0.0,66.7
2017-11-15,25.3,10.11,63.5
2017-11-16,25.9,0.0,69.4
2017-11-17,26.7,0.0,68.7
2017-11-18,24.4,0.0,71.4
2017-11-19,27.6,0.0,70.2
2017-11-20,25.9,0.0,70.3
2017-11-21,25.7,0.0,61.1
2017-11-22,22.7,0.0,66.1
2017-11-23,25.3,0.0,58.5
2017-11-24,24.1,0.0,70.0
2017-11-25,25.9,0.0,67.3
2017-11-26,26.3,0.0,68.5
2017-11-27,26.5,0.0,66.8
2017-11-28,25.0,0.0,68.6
2017-11-29,25.1,0.0,58.0
2017-11-30,25.7,0.0,68.7
2017-12-01,22.8,0.0,75.1
2017-12-02,24.7,0.0,68.9
2017-12-03,24.5,0.0,65.2
2017-12-04,25.7,0.0,73.2
2017-12-05,24.6,0.0,68.7
2017-12-06,26.0,0.0,68.9
2017-12-07,24.9,0.0,76.2
2017-12-08,26.1,0.0,69.4
2017-12-09,27.6,0.0,64.4
2017-12-10,26.9,0.0,63.5
2017-12-11,26.2,0.0,72.3
2017-12-12,26.4,0.0,60.0
2017-12-13,24.7,0.0,65.1
2017-12-14,24.2,0.0,64.3
2017-12-15,24.1,0.0,71.8
2017-12-16,25.3,0.0,66.4
2017-12-17,26.8,0.0,68.2
2017-12-18,24.2,0.0,59.0
2017-12-19,25.6,0.0,65.1
2017-12-20,23.7,0.0,67.3
2017-12-21,23.7,0.0,67.3
2017-12-22,26.1,0.0,67.5
2017-12-23,24.3,0.0,70.2
2017-12-24,24.3,0.0,68.7
2017-12-25,27.4,0.0,73.6
2017-12-26,25.2,0.0,65.2
2017-12-27,25.1,0.0,67.1
2017-12-28,24.9,0.0,65.6
2017-12-29,25.6,0.0,74.7
2017-12-30,24.4,0.0,73.4
2017-12-31,25.3,0.0,61.7
2018-01-01,26.5,0.0,61.6
2018-01-02,24.9,0.0,71.5
2018-01-03,22.6,0.0,72.1
2018-01-04,24.6,0.0,69.9
2018-01-05,26.2,0.0,61.0
2018-01-06,26.7,0.0,65.0
2018-01-07,25.8,0.0,64.7
2018-01-08,27.1,0.0,66.5
2018-01-09,24.2,0.0,66.9
2018-01-10,26.9,0.0,60.4
2018-01-11,25.7,0.0,64.7
2018-01-12,26.3,0.0,65.3
2018-01-13,22.2,0.0,58.4
2018-01-14,26.6,0.0,75.4
2018-01-15,25.9,0.0,75.4
2018-01-16,27.8,0.0,64.1
2018-01-17,25.9,0.0,65.5
2018-01-18,24.5,0.0,65.6
2018-01-19,24.8,0.0,64.5
2018-01-20,26.2,0.0,70.4
2018-01-21,26.1,0.0,63.1
2018-01-22,25.1,0.0,72.2
2018-01-23,24.6,0.0,70.8
2018-01-24,27.6,0.0,68.0
2018-01-25,25.6,0.0,76.9
2018-01-26,25.8,0.0,71.9
2018-01-27,25.3,0.0,66.4
2018-01-28,27.6,0.0,67.2
2018-01-29,27.3,0.0,73.3
2018-01-30,24.9,0.0,64.6
2018-01-31,26.0,0.0,63.3
2018-02-01,25.1,0.0,71.8
2018-02-02,28.3,0.0,71.4
2018-02-03,26.7,0.0,64.8
2018-02-04,25.9,0.0,76.8
2018-02-05,25.9,0.0,66.3
2018-02-06,27.0,0.0,72.8
2018-02-07,26.1,0.0,70.3
2018-02-08,28.2,0.0,64.5
2018-02-09,25.4,0.0,67.7
2018-02-10,25.1,0.0,57.1
2018-02-11,28.2,0.0,72.6
2018-02-12,26.1,0.0,68.5
2018-02-13,28.3,0.0,72.5
2018-02-14,27.7,0.0,64.4
2018-02-15,25.2,0.0,67.3
2018-02-16,26.1,0.0,61.9
2018-02-17,26.9,0.0,64.8
2018-02-18,26.6,0.0,71.6
2018-02-19,27.3,0.0,70.5
2018-02-20,26.3,0.0,74.1
2018-02-21,26.9,0.0,72.8
2018-02-22,28.2,0.0,68.8
2018-02-23,28.6,0.0,56.7
2018-02-24,26.2,0.0,74.5
2018-02-25,26.9,0.0,69.0
2018-02-26,27.1,0.0,82.3
2018-02-27,25.7,0.0,76.5
2018-02-28,28.4,0.0,70.9
2018-03-01,28.0,0.0,69.1
2018-03-02,28.0,0.0,66.7
2018-03-03,27.4,0.0,63.1
2018-03-04,28.5,0.0,65.1
2018-03-05,28.7,0.0,67.7
2018-03-06,29.0,0.0,63.1
2018-03-07,27.5,0.0,66.5
2018-03-08,28.1,0.0,72.7
2018-03-09,27.4,0.0,63.3
2018-03-10,27.5,0.0,66.8
2018-03-11,29.0,0.0,66.4
2018-03-12,28.0,0.0,68.4
2018-03-13,27.8,0.0,63.5
2018-03-14,28.8,0.0,65.7
2018-03-15,28.9,0.0,57.3
2018-03-16,27.3,0.0,66.8
2018-03-17,27.5,0.0,70.7
2018-03-18,29.1,0.0,70.7
2018-03-19,28.9,0.0,72.6
2018-03-20,28.1,0.0,63.0
2018-03-21,29.8,0.0,68.9
2018-03-22,28.4,0.0,68.1
2018-03-23,26.3,0.0,66.4
2018-03-24,27.7,0.0,69.0
2018-03-25,26.9,0.0,67.9
2018-03-26,30.0,0.0,63.5
2018-03-27,29.3,0.0,75.0
2018-03-28,28.9,0.0,74.9
2018-03-29,26.2,0.0,62.1
2018-03-30,27.2,0.0,70.2
2018-03-31,28.8,0.0,64.8
2018-04-01,26.9,0.0,71.3
2018-04-02,30.1,0.0,64.2
2018-04-03,29.0,0.0,62.5
2018-04-04,29.0,0.0,70.0
2018-04-05,29.1,0.0,65.3
2018-04-06,28.1,0.0,68.9
2018-04-07,28.1,0.0,65.8
2018-04-08,27.1,0.0,62.9
2018-04-09,29.4,0.0,56.3
2018-04-10,29.9,0.0,72.3
2018-04-11,29.2,0.0,69.3
2018-04-12,29.2,0.0,58.2
2018-04-13,28.5,0.0,63.0
2018-04-14,29.9,0.0,66.8
2018-04-15,26.8,0.0,73.9
2018-04-16,28.4,0.0,71.2
2018-04-17,29.0,0.0,71.7
2018-04-18,29.2,0.0,69.9
2018-04-19,30.1,0.0,68.2
2018-04-20,29.6,0.0,68.8
2018-04-21,30.1,0.0,70.2
2018-04-22,31.4,0.0,65.7
2018-04-23,31.6,0.0,59.2
2018-04-24,30.8,0.0,70.2
2018-04-25,31.5,0.0,67.8
2018-04-26,32.1,0.0,61.9
2018-04-27,30.6,0.0,67.7
2018-04-28,28.6,0.0,74.0
2018-04-29,31.4,0.0,64.9
2018-04-30,29.1,0.0,67.6
2018-05-01,32.4,0.0,67.1
2018-05-02,32.3,0.0,65.4
2018-05-03,29.8,0.0,66.2
2018-05-04,29.1,0.0,68.5
2018-05-05,29.6,0.0,73.6
2018-05-06,30.4,0.0,70.2
2018-05-07,32.0,0.0,73.7
2018-05-08,29.1,0.0,69.1
2018-05-09,31.6,0.0,70.5
2018-05-10,28.2,0.0,63.2
2018-05-11,32.0,0.0,72.3
2018-05-12,30.6,0.0,74.5
2018-05-13,30.9,0.0,71.1
2018-05-14,30.6,0.0,75.5
2018-05-15,31.8,0.0,76.3
2018-05-16,31.2,0.0,71.9
2018-05-17,32.7,0.0,73.5
2018-05-18,28.8,0.0,80.3
2018-05-19,29.8,0.0,68.3
2018-05-20,29.3,0.0,73.7
2018-05-21,31.7,0.0,80.3
2018-05-22,29.0,0.0,69.6
2018-05-23,33.7,0.0,80.9
2018-05-24,31.0,11.88,73.4
2018-05-25,32.4,0.0,70.0
2018-05-26,29.9,0.0,75.8
2018-05-27,31.2,0.0,77.0
2018-05-28,31.7,1.34,71.6
2018-05-29,30.2,0.0,74.8
2018-05-30,30.8,0.0,72.5
2018-05-31,32.8,0.0,71.8
2018-06-01,32.5,16.4,76.2
2018-06-02,31.7,12.18,79.1
2018-06-03,33.4,0.0,71.3
2018-06-04,28.9,0.0,74.4
2018-06-05,31.4,0.0,84.4
2018-06-06,30.7,0.0,78.2
2018-06-07,32.8,0.0,69.3
2018-06-08,32.4,0.0,79.4
2018-06-09,32.5,6.05,71.0
2018-06-10,30.5,5.16,69.7
2018-06-11,31.8,0.0,76.4
2018-06-12,32.4,0.0,83.0
2018-06-13,32.6,25.03,81.3
2018-06-14,30.1,17.66,83.7
2018-06-15,30.4,2.85,81.2
2018-06-16,31.4,0.0,76.2
2018-06-17,32.8,1.53,80.3
2018-06-18,31.9,0.0,86.0
2018-06-19,32.7,15.02,87.4
2018-06-20,28.9,4.02,71.6
2018-06-21,30.8,3.01,80.2
2018-06-22,31.7,11.19,76.1
2018-06-23,31.4,0.87,83.4
2018-06-24,29.0,1.37,82.5
2018-06-25,32.4,0.0,79.7
2018-06-26,31.5,0.0,76.7
2018-06-27,30.6,37.55,81.9
2018-06-28,32.5,37.43,79.8
2018-06-29,29.1,4.66,81.0
2018-06-30,30.5,0.0,79.9
2018-07-01,32.1,6.14,82.2
2018-07-02,31.5,0.86,81.0
2018-07-03,30.8,0.0,84.7
2018-07-04,30.8,10.6,68.8
2018-07-05,30.7,3.2,80.3
2018-07-06,32.0,47.35,79.4
2018-07-07,30.6,8.48,83.1
2018-07-08,31.7,0.0,85.6
2018-07-09,28.5,9.09,82.9
2018-07-10,32.3,0.0,82.4
2018-07-11,33.7,53.59,80.0
2018-07-12,31.4,1.32,85.6
2018-07-13,30.7,128.8,90.6
2018-07-14,30.2,10.84,84.5
2018-07-15,31.6,0.0,83.7
2018-07-16,30.0,0.0,84.7
2018-07-17,29.8,5.84,80.4
2018-07-18,28.2,0.4,79.4
2018-07-19,30.9,0.0,79.2
2018-07-20,30.3,0.0,83.8
2018-07-21,30.3,83.8,86.3
2018-07-22,30.6,0.0,84.4
2018-07-23,29.7,16.07,81.7
2018-07-24,30.7,11.93,85.9
2018-07-25,29.2,55.62,81.7
2018-07-26,30.3,21.05,84.7
2018-07-27,30.1,30.12,80.8
2018-07-28,28.4,36.62,84.8
2018-07-29,29.0,9.73,79.1
2018-07-30,29.6,0.0,76.1
2018-07-31,29.6,3.76,85.5
2018-08-01,30.5,0.0,89.5
2018-08-02,29.7,25.39,81.1
2018-08-03,30.1,0.0,71.8
2018-08-04,29.7,3.93,88.0
2018-08-05,27.1,0.0,83.6
2018-08-06,29.9,110.49,93.3
2018-08-07,29.0,11.12,89.4
2018-08-08,29.8,0.0,80.5
2018-08-09,29.0,0.0,82.6
2018-08-10,30.6,114.86,84.9
2018-08-11,29.8,12.01,79.8
2018-08-12,30.6,5.0,89.5
2018-08-13,30.7,3.82,85.3
2018-08-14,29.1,0.0,78.8
2018-08-15,30.6,61.24,88.3
2018-08-16,29.9,0.0,76.3
2018-08-17,28.4,0.0,84.6
2018-08-18,29.4,0.0,76.1
2018-08-19,29.6,7.55,86.1
2018-08-20,30.9,54.46,77.9
2018-08-21,29.0,0.0,78.9
2018-08-22,31.1,0.0,82.5
2018-08-23,30.2,8.95,82.5
2018-08-24,26.8,4.43,82.4
2018-08-25,28.0,0.0,81.2
2018-08-26,29.8,0.0,76.0
2018-08-27,27.4,0.0,79.2
2018-08-28,29.6,1.37,80.0
2018-08-29,30.6,0.0,81.3
2018-08-30,28.6,12.99,77.0
2018-08-31,30.5,6.65,82.8
2018-09-01,30.4,0.0,77.3
2018-09-02,28.7,7.67,76.1
2018-09-03,28.7,0.0,74.5
2018-09-04,28.9,0.0,74.2
2018-09-05,29.2,0.0,73.7
2018-09-06,26.8,0.0,75.2
2018-09-07,28.4,0.0,84.4
2018-09-08,26.6,2.85,77.8
2018-09-09,28.0,0.0,85.5
2018-09-10,28.1,0.0,69.2
2018-09-11,26.3,16.9,80.6
2018-09-12,26.8,35.52,79.8
2018-09-13,27.8,1.21,69.0
2018-09-14,30.7,18.18,77.1
2018-09-15,26.5,6.51,76.9
2018-09-16,28.2,0.0,77.7
2018-09-17,27.0,59.55,72.9
2018-09-18,27.5,12.5,77.4
2018-09-19,29.1,0.0,79.8
2018-09-20,28.2,2.08,70.4
2018-09-21,28.3,13.51,73.0
2018-09-22,28.3,24.19,77.3
2018-09-23,28.4,0.0,70.2
2018-09-24,25.2,44.05,78.0
2018-09-25,28.1,0.0,73.9
2018-09-26,27.5,10.52,77.8
2018-09-27,28.0,12.33,59.9
2018-09-28,28.4,1.97,77.6
2018-09-29,27.9,0.0,75.3
2018-09-30,28.2,31.35,75.9
2018-10-01,26.0,0.0,69.5
2018-10-02,27.8,0.0,80.0
2018-10-03,27.1,24.99,68.9
2018-10-04,27.1,14.55,76.3
2018-10-05,28.6,17.77,71.5
2018-10-06,26.5,0.59,63.2
2018-10-07,26.3,0.0,74.5
2018-10-08,25.5,18.15,71.6
2018-10-09,26.6,0.0,67.8
2018-10-10,28.1,7.66,70.3
2018-10-11,24.9,0.25,83.2
2018-10-12,27.1,1.23,67.6
2018-10-13,23.8,0.0,75.0
2018-10-14,25.9,0.0,69.6
2018-10-15,27.2,0.0,71.0
2018-10-16,26.0,0.0,74.3
2018-10-17,25.2,0.0,74.1
2018-10-18,26.1,0.0,71.6
2018-10-19,27.6,9.03,65.1
2018-10-20,28.2,0.0,70.7
2018-10-21,28.1,5.44,70.3
2018-10-22,27.1,0.0,66.5
2018-10-23,26.7,0.0,64.3
2018-10-24,27.4,0.0,74.5
2018-10-25,24.9,0.0,63.6
2018-10-26,25.1,0.0,71.8
2018-10-27,27.6,0.0,65.3
2018-10-28,27.1,0.0,71.5
2018-10-29,27.1,0.0,59.6
2018-10-30,26.3,8.01,72.3
2018-10-31,25.1,11.43,66.8
2018-11-01,24.7,0.0,63.9
2018-11-02,27.0,0.0,77.0
2018-11-03,27.1,0.0,67.9
2018-11-04,24.6,27.63,68.9
2018-11-05,25.0,0.0,68.6
2018-11-06,25.7,0.0,71.2
2018-11-07,26.8,0.0,65.3
2018-11-08,25.3,0.0,74.9
2018-11-09,24.7,0.0,64.0
2018-11-10,26.8,0.0,65.1
2018-11-11,26.3,0.0,68.4
2018-11-12,24.8,0.0,77.1
2018-11-13,24.8,0.0,65.3
2018-11-14,26.8,0.0,69.2
2018-11-15,24.1,0.0,65.4
2018-11-16,25.2,0.0,64.0
2018-11-17,26.0,0.0,68.6
2018-11-18,25.7,0.0,74.0
2018-11-19,26.5,0.0,61.4
2018-11-20,23.5,0.0,68.3
2018-11-21,25.4,0.0,69.6
2018-11-22,25.7,0.0,66.2
2018-11-23,25.8,0.0,65.8
2018-11-24,26.0,0.0,63.6
2018-11-25,24.0,0.0,65.3
2018-11-26,27.0,0.0,64.6
2018-11-27,25.8,0.0,71.4
2018-11-28,25.9,0.0,64.4
2018-11-29,24.6,0.0,68.6
2018-11-30,25.5,0.0,72.8
2018-12-01,26.8,0.0,62.7
2018-12-02,25.2,0.0,63.1
2018-12-03,25.4,0.0,67.4
2018-12-04,25.6,0.0,64.7
2018-12-05,23.3,0.0,71.6
2018-12-06,25.0,0.0,70.8
2018-12-07,26.0,0.0,68.6
2018-12-08,24.6,0.0,72.6
2018-12-09,25.1,0.0,66.0
2018-12-10,25.1,0.0,67.8
2018-12-11,23.3,0.0,72.6
2018-12-12,26.1,0.0,78.2
2018-12-13,23.6,0.0,65.6
2018-12-14,25.6,0.0,66.0
2018-12-15,25.0,0.0,74.5
2018-12-16,24.8,0.0,67.8
2018-12-17,25.2,0.0,61.1
2018-12-18,26.0,0.0,69.5
2018-12-19,26.1,0.0,67.6
2018-12-20,24.7,0.0,68.3
2018-12-21,25.0,0.0,71.9
2018-12-22,24.2,0.0,65.4
2018-12-23,23.5,0.0,65.2
2018-12-24,26.3,0.0,64.5
2018-12-25,23.9,0.0,73.3
2018-12-26,24.4,0.0,69.2
2018-12-27,25.7,0.0,56.1
2018-12-28,23.7,0.0,72.1
2018-12-29,25.8,0.0,69.8
2018-12-30,24.3,0.0,55.2
2018-12-31,24.0,0.0,75.3
2019-01-01,24.7,0.0,76.0
2019-01-02,24.4,0.0,68.1
2019-01-03,25.7,0.0,70.6
2019-01-04,27.1,0.0,65.9
2019-01-05,26.2,0.0,65.6
2019-01-06,26.0,0.0,73.0
2019-01-07,24.8,0.0,65.9
2019-01-08,25.2,0.0,65.8
2019-01-09,25.6,0.0,70.0
2019-01-10,25.5,0.0,61.5
2019-01-11,25.7,0.0,65.9
2019-01-12,24.2,0.0,71.5
2019-01-13,27.6,0.0,59.8
2019-01-14,24.1,0.0,67.2
2019-01-15,25.5,0.0,66.0
2019-01-16,26.6,0.0,64.4
2019-01-17,24.8,0.0,62.3
2019-01-18,26.9,0.0,63.6
2019-01-19,24.1,0.0,64.7
2019-01-20,24.9,0.0,64.2
2019-01-21,23.1,0.0,66.7
2019-01-22,27.0,0.0,66.1
2019-01-23,24.5,0.0,63.3
2019-01-24,25.1,0.0,69.4
2019-01-25,26.8,0.0,69.1
2019-01-26,26.3,0.0,61.7
2019-01-27,27.2,0.0,72.6
2019-01-28,26.7,0.0,67.1
2019-01-29,27.1,0.0,70.6
2019-01-30,25.5,0.0,64.8
2019-01-31,26.0,0.0,63.3
2019-02-01,27.0,0.0,68.2
2019-02-02,27.0,0.0,63.6
2019-02-03,27.3,0.0,72.5
2019-02-04,25.4,0.0,77.6
2019-02-05,25.0,0.0,71.4
2019-02-06,24.9,0.0,68.1
2019-02-07,25.8,0.0,66.2
2019-02-08,26.3,0.0,64.3
2019-02-09,25.1,0.0,67.1
2019-02-10,26.3,0.0,64.3
2019-02-11,27.3,0.0,65.3
2019-02-12,27.7,0.0,73.9
2019-02-13,26.0,0.0,66.4
2019-02-14,27.3,0.0,71.4
2019-02-15,25.3,0.0,72.7
2019-02-16,26.0,0.0,68.7
2019-02-17,26.9,0.0,69.7
2019-02-18,26.1,0.0,68.8
2019-02-19,26.0,0.0,64.3
2019-02-20,27.3,0.0,66.9
2019-02-21,25.9,0.0,71.0
2019-02-22,27.2,0.0,62.0
2019-02-23,27.0,0.0,65.7
2019-02-24,27.7,0.0,69.7
2019-02-25,28.1,0.0,70.4
2019-02-26,27.4,0.0,68.1
2019-02-27,26.7,0.0,66.3
2019-02-28,28.5,0.0,69.7
2019-03-01,27.6,0.0,69.1
2019-03-02,26.4,0.0,68.0
2019-03-03,27.7,0.0,68.0
2019-03-04,26.8,0.0,69.3
2019-03-05,24.7,0.0,65.1
2019-03-06,26.5,0.0,72.2
2019-03-07,27.3,0.0,73.5
2019-03-08,27.2,0.0,66.7
2019-03-09,26.0,0.0,57.3
2019-03-10,27.5,0.0,62.3
2019-03-11,28.4,0.0,70.9
2019-03-12,26.6,0.0,63.3
2019-03-13,28.3,0.0,69.7
2019-03-14,25.7,0.0,62.0
2019-03-15,28.7,0.0,70.1
2019-03-16,27.5,0.0,68.1
2019-03-17,26.7,0.0,67.6
2019-03-18,29.5,0.0,65.7
2019-03-19,28.9,0.0,69.3
2019-03-20,29.5,0.0,62.4
2019-03-21,28.8,0.0,68.9
2019-03-22,28.9,0.0,66.4
2019-03-23,28.1,0.0,74.8
2019-03-24,29.1,0.0,58.4
2019-03-25,28.5,0.0,68.3
2019-03-26,27.9,0.0,64.3
2019-03-27,28.5,0.0,69.7
2019-03-28,27.3,0.0,71.7
2019-03-29,28.8,0.0,61.2
2019-03-30,29.4,0.0,73.8
2019-03-31,29.1,0.0,65.5
2019-04-01,29.6,0.0,66.4
2019-04-02,28.7,0.0,64.3
2019-04-03,29.1,0.0,57.3
2019-04-04,29.2,0.0,65.2
2019-04-05,31.4,0.0,61.8
2019-04-06,27.7,0.0,60.0
2019-04-07,31.6,0.0,72.7
2019-04-08,28.5,0.0,72.5
2019-04-09,29.0,0.0,68.9
2019-04-10,29.7,0.0,63.3
2019-04-11,30.1,0.0,72.7
2019-04-12,29.5,0.0,68.1
2019-04-13,29.8,0.0,66.6
2019-04-14,31.2,0.0,64.1
2019-04-15,32.6,0.0,68.3
2019-04-16,30.2,0.0,66.8
2019-04-17,30.5,0.0,66.4
2019-04-18,29.7,0.0,66.4
2019-04-19,31.7,0.0,70.9
2019-04-20,29.7,0.0,70.6
2019-04-21,30.5,0.0,74.2
2019-04-22,28.8,0.0,66.9
2019-04-23,27.0,0.0,62.8
2019-04-24,32.6,0.0,69.1
2019-04-25,31.3,0.0,61.1
2019-04-26,31.2,0.0,64.4
2019-04-27,29.1,0.0,73.3
2019-04-28,28.3,0.0,76.0
2019-04-29,30.0,0.0,71.0
2019-04-30,30.4,0.0,69.7
2019-05-01,31.1,0.0,67.6
2019-05-02,30.4,0.0,69.7
2019-05-03,31.8,0.0,69.5
2019-05-04,30.8,0.0,70.8
2019-05-05,30.8,0.0,66.0
2019-05-06,31.8,0.0,70.5
2019-05-07,29.8,0.0,63.5
2019-05-08,31.0,0.0,62.8
2019-05-09,29.9,0.0,75.1
2019-05-10,29.8,0.0,83.6
2019-05-11,32.4,0.0,71.2
2019-05-12,31.9,0.0,70.7
2019-05-13,31.3,0.0,76.8
2019-05-14,32.2,11.41,64.8
2019-05-15,31.2,35.46,63.9
2019-05-16,32.3,0.0,74.4
2019-05-17,29.8,0.0,77.7
2019-05-18,30.7,0.0,74.1
2019-05-19,31.3,0.0,70.8
2019-05-20,29.7,0.0,79.8
2019-05-21,30.1,0.0,69.7
2019-05-22,29.5,0.0,71.6
2019-05-23,31.7,0.0,70.4
2019-05-24,30.4,0.0,67.2
2019-05-25,31.3,0.0,71.8
2019-05-26,31.6,0.0,72.4
2019-05-27,30.8,0.0,72.7
2019-05-28,31.1,0.0,75.9
2019-05-29,31.2,0.0,70.9
2019-05-30,31.5,0.0,79.5
2019-05-31,32.6,0.0,72.6
2019-06-01,29.8,0.0,69.4
2019-06-02,31.2,0.0,69.4
2019-06-03,29.8,0.0,72.7
2019-06-04,32.8,0.0,73.9
2019-06-05,29.1,0.0,76.9
2019-06-06,31.3,0.0,75.8
2019-06-07,30.7,0.0,80.4
2019-06-08,30.5,17.61,73.6
2019-06-09,32.0,60.28,78.9
2019-06-10,31.8,0.0,76.6
2019-06-11,30.1,10.58,79.2
2019-06-12,31.7,22.89,73.3
2019-06-13,31.5,0.0,80.7
2019-06-14,30.3,31.91,72.5
2019-06-15,29.5,1.85,87.1
2019-06-16,32.1,15.9,70.5
2019-06-17,32.0,17.0,75.6
2019-06-18,31.8,1.12,77.5
2019-06-19,30.6,4.47,84.9
2019-06-20,32.5,0.0,86.1
2019-06-21,35.1,35.41,74.0
2019-06-22,31.3,24.8,84.1
2019-06-23,31.7,38.51,72.5
2019-06-24,30.2,121.27,87.3
2019-06-25,30.2,23.42,77.1
2019-06-26,33.1,0.0,82.0
2019-06-27,33.7,0.76,80.7
2019-06-28,30.8,0.0,76.1
2019-06-29,30.3,0.0,80.4
2019-06-30,30.0,35.52,82.1
2019-07-01,30.4,7.26,75.2
2019-07-02,31.1,0.0,82.4
2019-07-03,29.6,12.51,80.1
2019-07-04,30.2,0.0,77.5
2019-07-05,32.1,15.31,85.8
2019-07-06,30.8,0.0,78.1
2019-07-07,30.1,3.6,74.0
2019-07-08,29.6,4.34,84.7
2019-07-09,32.1,31.28,77.3
2019-07-10,29.7,8.8,82.2
2019-07-11,30.7,15.18,77.6
2019-07-12,32.0,0.03,87.9
2019-07-13,31.4,0.42,82.9
2019-07-14,31.1,0.0,85.4
2019-07-15,31.1,2.05,79.7
2019-07-16,29.7,47.51,78.1
2019-07-17,29.9,6.7,82.1
2019-07-18,30.1,67.3,85.4
2019-07-19,27.4,0.0,85.5
2019-07-20,30.1,0.0,89.7
2019-07-21,30.5,0.0,84.2
2019-07-22,30.5,0.0,90.0
2019-07-23,30.4,0.0,78.0
2019-07-24,30.7,29.96,81.4
2019-07-25,30.8,2.37,78.6
2019-07-26,32.3,0.26,83.7
2019-07-27,30.6,1.28,78.8
2019-07-28,31.3,0.0,85.3
2019-07-29,29.7,22.48,83.0
2019-07-30,30.7,45.1,84.1
2019-07-31,30.6,0.0,84.4
2019-08-01,30.0,0.76,81.6
2019-08-02,28.2,149.01,87.7
2019-08-03,28.6,3.25,92.4
2019-08-04,30.6,74.71,85.3
2019-08-05,30.0,0.0,83.7
2019-08-06,29.8,0.0,85.3
2019-08-07,29.2,0.0,80.1
2019-08-08,30.1,6.28,79.0
2019-08-09,30.6,0.0,79.7
2019-08-10,32.0,8.76,84.7
2019-08-11,29.8,0.0,83.9
2019-08-12,29.6,5.64,89.4
2019-08-13,30.1,68.26,76.0
2019-08-14,31.1,0.0,84.6
2019-08-15,32.3,0.0,88.3
2019-08-16,30.3,138.25,76.5
2019-08-17,27.9,0.66,85.7
2019-08-18,29.6,1.63,84.2
2019-08-19,28.2,3.49,81.6
2019-08-20,28.4,84.01,74.5
2019-08-21,31.5,5.04,78.0
2019-08-22,29.0,139.88,84.7
2019-08-23,28.5,0.95,85.3
2019-08-24,30.8,0.0,80.1
2019-08-25,29.3,0.0,79.5
2019-08-26,27.9,64.7,86.1
2019-08-27,29.2,0.0,81.0
2019-08-28,27.5,0.0,82.6
2019-08-29,28.1,0.0,83.1
2019-08-30,29.2,0.0,71.4
2019-08-31,26.0,5.37,93.2
2019-09-01,29.7,0.0,81.9
2019-09-02,29.1,92.36,87.7
2019-09-03,29.8,0.58,75.7
2019-09-04,28.3,4.04,71.4
2019-09-05,29.2,6.69,81.0
2019-09-06,27.5,278.36,71.0
2019-09-07,27.5,4.39,75.1
2019-09-08,28.7,0.64,77.5
2019-09-09,28.5,6.46,71.8
2019-09-10,28.4,0.0,77.7
2019-09-11,29.9,8.16,77.0
2019-09-12,28.0,0.04,75.8
2019-09-13,28.8,0.0,74.3
2019-09-14,28.6,0.0,82.4
2019-09-15,28.4,0.0,76.4
2019-09-16,28.6,0.0,77.0
2019-09-17,26.1,0.0,77.6
2019-09-18,27.4,20.72,72.3
2019-09-19,29.3,13.77,74.2
2019-09-20,27.6,53.39,85.4
2019-09-21,28.7,0.0,72.0
2019-09-22,28.4,8.07,81.8
2019-09-23,24.3,0.0,66.5
2019-09-24,26.2,0.0,75.2
2019-09-25,26.9,3.89,71.6
2019-09-26,26.8,4.18,75.0
2019-09-27,27.1,190.17,76.5
2019-09-28,27.0,110.13,75.9
2019-09-29,26.5,3.15,69.7
2019-09-30,26.7,34.6,68.2
2019-10-01,25.1,0.0,75.2
2019-10-02,29.6,0.0,78.1
2019-10-03,28.9,0.0,75.1
2019-10-04,28.2,0.85,78.5
2019-10-05,27.1,6.63,68.9
2019-10-06,26.1,0.0,67.7
2019-10-07,29.9,30.05,69.8
2019-10-08,25.9,0.0,75.8
2019-10-09,28.6,0.0,69.7
2019-10-10,27.3,0.0,66.2
2019-10-11,25.8,0.0,74.5
2019-10-12,25.9,47.94,68.1
2019-10-13,26.3,0.0,67.4
2019-10-14,26.0,0.0,64.5
2019-10-15,25.1,0.0,72.5
2019-10-16,27.1,0.0,70.5
2019-10-17,25.6,0.0,74.1
2019-10-18,27.4,0.0,68.1
2019-10-19,26.3,0.0,70.6
2019-10-20,26.6,0.0,74.8
2019-10-21,26.6,0.0,65.2
2019-10-22,26.0,0.0,77.7
2019-10-23,26.2,0.0,70.0
2019-10-24,26.5,0.0,68.3
2019-10-25,28.9,0.0,71.4
2019-10-26,24.8,14.08,70.1
2019-10-27,25.4,0.0,67.3
2019-10-28,25.7,0.0,69.4
2019-10-29,24.7,0.0,72.0
2019-10-30,24.5,0.0,76.0
2019-10-31,24.3,0.0,73.7
2019-11-01,25.9,0.0,74.4
2019-11-02,25.3,0.0,71.9
2019-11-03,26.1,0.0,68.7
2019-11-04,24.2,7.15,63.8
2019-11-05,24.8,0.0,67.1
2019-11-06,26.9,0.0,65.1
2019-11-07,26.7,0.0,71.1
2019-11-08,24.0,12.38,57.4
2019-11-09,26.7,0.0,66.2
2019-11-10,25.1,0.0,70.1
2019-11-11,24.4,0.0,69.4
2019-11-12,26.5,0.0,69.4
2019-11-13,26.6,0.0,69.2
2019-11-14,22.7,0.0,61.5
2019-11-15,26.5,0.0,73.6
2019-11-16,24.9,0.0,71.4
2019-11-17,24.9,0.0,73.1
2019-11-18,25.0,0.0,68.6
2019-11-19,26.7,0.0,65.9
2019-11-20,26.9,0.0,71.3
2019-11-21,25.8,0.0,64.7
2019-11-22,26.2,0.0,62.6
2019-11-23,27.8,0.0,59.0
2019-11-24,25.3,0.0,63.5
2019-11-25,24.1,0.0,66.4
2019-11-26,25.9,0.0,60.5
2019-11-27,26.1,0.0,59.6
2019-11-28,25.1,0.0,64.5
2019-11-29,25.0,0.0,71.7
2019-11-30,27.7,0.0,65.8
2019-12-01,24.9,0.0,68.3
2019-12-02,24.2,0.0,62.3
2019-12-03,22.1,0.0,67.8
2019-12-04,26.1,0.0,69.6
2019-12-05,26.6,0.0,61.3
2019-12-06,23.8,0.0,64.9
2019-12-07,25.8,0.0,65.5
2019-12-08,24.8,0.0,68.8
2019-12-09,25.2,0.0,64.5
2019-12-10,24.5,0.0,59.6
2019-12-11,25.1,0.0,64.8
2019-12-12,26.1,0.0,73.7
2019-12-13,24.6,0.0,73.2
2019-12-14,24.4,0.0,64.8
2019-12-15,24.0,0.0,63.5
2019-12-16,26.4,0.0,63.0
2019-12-17,24.2,0.0,65.5
2019-12-18,25.9,0.0,68.2
2019-12-19,23.7,0.0,70.9
2019-12-20,22.7,0.0,75.0
2019-12-21,24.5,0.0,66.6
2019-12-22,25.4,0.0,75.4
2019-12-23,26.4,0.0,72.4
2019-12-24,26.1,0.0,66.4
2019-12-25,25.6,0.0,61.2
2019-12-26,22.3,0.0,67.2
2019-12-27,25.8,0.0,74.7
2019-12-28,23.5,0.0,66.9
2019-12-29,24.4,0.0,75.6
2019-12-30,27.3,0.0,62.9
2019-12-31,26.4,0.0,76.0
2020-01-01,24.1,0.0,65.3
2020-01-02,25.0,0.0,63.4
2020-01-03,26.3,0.0,65.3
2020-01-04,25.2,0.0,65.0
2020-01-05,25.2,0.0,60.6
2020-01-06,24.2,0.0,63.7
2020-01-07,26.1,0.0,57.3
2020-01-08,26.3,0.0,73.2
2020-01-09,24.6,0.0,70.5
2020-01-10,23.2,0.0,65.2
2020-01-11,27.6,0.0,64.4
2020-01-12,24.8,0.0,74.1
2020-01-13,26.1,0.0,63.3
2020-01-14,24.7,0.0,72.1
2020-01-15,24.8,0.0,73.9
2020-01-16,26.8,0.0,71.3
2020-01-17,25.4,0.0,68.1
2020-01-18,26.6,0.0,71.1
2020-01-19,26.7,0.0,67.5
2020-01-20,25.2,0.0,73.1
2020-01-21,26.2,0.0,65.2
2020-01-22,26.8,0.0,76.5
2020-01-23,27.3,0.0,71.8
2020-01-24,25.6,0.0,67.5
2020-01-25,26.0,0.0,73.5
2020-01-26,24.9,0.0,73.0
2020-01-27,26.9,0.0,66.8
2020-01-28,26.2,0.0,63.3
2020-01-29,24.6,0.0,62.5
2020-01-30,25.8,0.0,65.1
2020-01-31,26.1,0.0,67.2
2020-02-01,25.6,0.0,67.5
2020-02-02,25.5,0.0,78.7
2020-02-03,24.4,0.0,68.2
2020-02-04,26.5,0.0,68.9
2020-02-05,25.9,0.0,65.7
2020-02-06,27.5,0.0,74.8
2020-02-07,26.4,0.0,62.0
2020-02-08,27.5,0.0,69.5
2020-02-09,25.2,0.0,68.0
2020-02-10,27.0,0.0,67.8
2020-02-11,27.5,0.0,68.5
2020-02-12,27.6,0.0,65.8
2020-02-13,26.4,0.0,63.5
2020-02-14,25.8,0.0,73.0
2020-02-15,28.7,0.0,74.4
2020-02-16,26.7,0.0,71.3
2020-02-17,25.6,0.0,73.9
2020-02-18,26.7,0.0,69.1
2020-02-19,27.4,0.0,58.2
2020-02-20,26.3,0.0,63.7
2020-02-21,27.6,0.0,70.4
2020-02-22,28.2,0.0,57.8
2020-02-23,27.2,0.0,68.8
2020-02-24,28.4,0.0,69.7
2020-02-25,27.2,0.0,69.5
2020-02-26,26.8,0.0,63.4
2020-02-27,29.2,0.0,66.5
2020-02-28,28.2,0.0,66.6
2020-02-29,27.7,0.0,69.1
2020-03-01,25.5,0.0,66.9
2020-03-02,26.0,0.0,60.3
2020-03-03,25.8,0.0,78.6
2020-03-04,27.7,0.0,69.5
2020-03-05,27.7,0.0,67.0
2020-03-06,28.3,0.0,65.6
2020-03-07,29.1,0.0,71.3
2020-03-08,26.2,0.0,68.9
2020-03-09,26.4,0.0,69.9
2020-03-10,27.0,0.0,61.2
2020-03-11,28.6,0.0,58.6
2020-03-12,28.5,0.0,73.8
2020-03-13,27.0,0.0,68.8
2020-03-14,27.4,0.0,69.1
2020-03-15,28.7,0.0,73.0
2020-03-16,28.4,0.0,66.1
2020-03-17,29.6,0.0,70.1
2020-03-18,27.5,0.0,59.7
2020-03-19,28.3,0.0,67.4
2020-03-20,27.4,0.0,67.4
2020-03-21,29.9,0.0,72.2
2020-03-22,29.8,0.0,65.7
2020-03-23,29.3,0.0,77.0
2020-03-24,29.9,0.0,56.3
2020-03-25,30.4,0.0,72.6
2020-03-26,30.5,0.0,59.9
2020-03-27,30.9,0.0,72.2
2020-03-28,28.1,0.0,71.3
2020-03-29,28.1,0.0,64.8
2020-03-30,30.5,0.0,66.1
2020-03-31,28.6,0.0,66.6
2020-04-01,27.2,0.0,71.3
2020-04-02,28.7,0.0,65.5
2020-04-03,30.4,0.0,69.4
2020-04-04,28.8,0.0,68.3
2020-04-05,30.2,0.0,70.8
2020-04-06,29.8,0.0,68.8
2020-04-07,27.9,0.0,70.0
2020-04-08,30.0,0.0,71.3
2020-04-09,29.6,0.0,71.2
2020-04-10,29.0,0.0,71.1
2020-04-11,28.0,0.0,67.4
2020-04-12,31.5,0.0,67.8
2020-04-13,28.7,0.0,64.9
2020-04-14,27.5,0.0,71.1
2020-04-15,30.8,0.0,64.1
2020-04-16,29.4,0.0,67.4
2020-04-17,31.3,0.0,68.0
2020-04-18,29.8,0.0,71.0
2020-04-19,30.0,0.0,70.8
2020-04-20,30.7,0.0,71.8
2020-04-21,30.2,0.0,69.6
2020-04-22,30.3,0.0,62.7
2020-04-23,31.4,0.0,66.7
2020-04-24,29.2,0.0,69.7
2020-04-25,30.9,0.0,70.6
2020-04-26,30.6,0.0,65.8
2020-04-27,28.5,0.0,66.5
2020-04-28,31.6,0.0,68.8
2020-04-29,31.3,0.0,64.2
2020-04-30,32.2,0.0,68.7
2020-05-01,30.0,0.0,74.6
2020-05-02,29.3,0.0,64.3
2020-05-03,34.1,0.0,63.8
2020-05-04,29.4,0.0,74.5
2020-05-05,29.7,0.0,69.4
2020-05-06,31.3,0.0,77.3
2020-05-07,30.2,0.0,64.4
2020-05-08,31.2,0.0,74.9
2020-05-09,29.2,9.39,71.9
2020-05-10,28.8,0.0,65.5
2020-05-11,30.2,8.26,72.5
2020-05-12,31.6,14.71,80.7
2020-05-13,30.8,0.0,75.1
2020-05-14,32.3,0.0,72.4
2020-05-15,30.6,5.08,70.0
2020-05-16,31.2,0.0,66.0
2020-05-17,29.9,0.0,66.0
2020-05-18,29.3,0.0,70.4
2020-05-19,29.6,0.0,76.3
2020-05-20,30.1,9.67,71.7
2020-05-21,33.3,0.0,80.0
2020-05-22,29.6,0.0,68.7
2020-05-23,30.1,0.0,68.3
2020-05-24,32.7,0.0,73.5
2020-05-25,30.4,0.0,73.1
2020-05-26,31.8,0.0,80.5
2020-05-27,28.6,18.98,76.7
2020-05-28,30.1,0.0,74.3
2020-05-29,31.8,0.0,70.9
2020-05-30,29.3,0.0,77.5
2020-05-31,31.4,66.08,85.5
2020-06-01,31.3,15.07,75.4
2020-06-02,30.6,79.16,69.5
2020-06-03,30.9,18.55,68.3
2020-06-04,32.1,0.0,74.0
2020-06-05,31.2,0.0,76.7
2020-06-06,32.4,4.88,72.8
2020-06-07,32.2,0.29,74.2
2020-06-08,33.1,23.38,74.3
2020-06-09,30.8,0.0,82.4
2020-06-10,31.5,34.31,71.2
2020-06-11,30.1,25.58,74.9
2020-06-12,32.0,0.0,82.1
2020-06-13,30.5,27.64,84.3
2020-06-14,32.0,18.84,75.1
2020-06-15,31.0,2.43,77.2
2020-06-16,31.1,0.0,86.5
2020-06-17,31.6,41.57,84.2
2020-06-18,30.5,0.0,75.1
2020-06-19,30.5,51.07,74.6
2020-06-20,30.6,0.0,79.7
2020-06-21,30.7,31.44,75.3
2020-06-22,32.0,4.07,77.7
2020-06-23,30.8,0.0,81.3
2020-06-24,30.6,0.31,72.6
2020-06-25,32.2,1.54,81.3
2020-06-26,32.0,0.0,82.4
2020-06-27,31.1,44.73,79.5
2020-06-28,34.1,0.0,84.4
2020-06-29,30.0,0.0,78.0
2020-06-30,33.0,52.66,79.7
2020-07-01,31.5,0.0,73.2
2020-07-02,32.3,2.16,68.1
2020-07-03,30.8,8.33,76.6
2020-07-04,32.5,3.89,81.2
2020-07-05,30.0,0.0,81.7
2020-07-06,32.0,27.14,80.5
2020-07-07,31.4,17.01,80.6
2020-07-08,32.1,2.13,81.5
2020-07-09,30.5,0.0,82.4
2020-07-10,31.5,10.43,78.9
2020-07-11,30.1,23.7,75.3
2020-07-12,30.6,39.04,85.3
2020-07-13,30.7,2.85,76.6
2020-07-14,30.2,8.13,89.3
2020-07-15,30.3,0.0,78.0
2020-07-16,29.5,25.62,81.2
2020-07-17,30.7,9.46,87.0
2020-07-18,32.5,8.16,80.9
2020-07-19,34.1,0.0,77.7
2020-07-20,29.8,0.0,82.2
2020-07-21,29.9,0.0,87.1
2020-07-22,31.1,0.13,83.1
2020-07-23,31.2,0.0,82.4
2020-07-24,29.2,0.0,82.7
2020-07-25,28.0,136.8,88.8
2020-07-26,30.9,0.08,77.5
2020-07-27,32.1,0.79,84.5
2020-07-28,32.1,1.03,93.9
2020-07-29,30.5,0.0,83.3
2020-07-30,32.0,9.2,86.9
2020-07-31,30.2,0.0,80.0
2020-08-01,28.8,19.13,80.8
2020-08-02,30.2,0.0,83.5
2020-08-03,31.5,4.92,82.7
2020-08-04,30.4,0.0,78.7
2020-08-05,29.6,0.0,86.6
2020-08-06,30.2,26.09,80.8
2020-08-07,30.5,23.12,86.0
2020-08-08,30.2,0.0,82.4
2020-08-09,30.4,12.95,88.8
2020-08-10,30.4,0.0,81.9
2020-08-11,31.2,0.0,78.7
2020-08-12,30.1,30.4,87.5
2020-08-13,29.7,5.88,76.1
2020-08-14,30.2,0.0,80.5
2020-08-15,30.5,0.0,80.7
2020-08-16,27.7,17.66,86.5
2020-08-17,31.0,27.31,83.8
2020-08-18,31.6,0.0,82.4
2020-08-19,29.6,17.74,88.7
2020-08-20,30.3,0.0,81.8
2020-08-21,28.7,0.0,75.2
2020-08-22,30.2,0.75,75.8
2020-08-23,28.4,3.25,74.3
2020-08-24,29.6,0.0,80.4
2020-08-25,30.0,0.0,80.0
2020-08-26,28.4,0.0,81.7
2020-08-27,28.0,16.08,80.9
2020-08-28,28.8,2.12,80.5
2020-08-29,28.5,14.68,87.1
2020-08-30,28.7,20.97,80.8
2020-08-31,27.8,0.0,75.4
2020-09-01,30.2,1.24,76.8
2020-09-02,28.6,11.94,76.5
2020-09-03,29.4,0.0,78.2
2020-09-04,27.0,0.0,71.7
2020-09-05,28.1,0.0,82.9
2020-09-06,30.6,24.89,72.3
2020-09-07,27.7,3.45,79.8
2020-09-08,28.9,2.89,81.3
2020-09-09,31.0,1.72,80.3
2020-09-10,28.5,0.0,77.8
2020-09-11,30.2,29.24,77.0
2020-09-12,27.4,0.0,83.9
2020-09-13,27.8,2.27,79.8
2020-09-14,28.2,1.15,70.2
2020-09-15,27.6,10.86,78.6
2020-09-16,28.6,18.7,70.8
2020-09-17,26.1,0.0,79.1
2020-09-18,26.9,11.46,78.8
2020-09-19,29.6,0.0,86.7
2020-09-20,28.1,1.85,75.6
2020-09-21,28.5,0.43,73.8
2020-09-22,29.8,1.7,73.2
2020-09-23,25.8,27.46,77.0
2020-09-24,24.4,31.62,76.4
2020-09-25,29.8,0.0,76.0
2020-09-26,26.1,0.0,79.1
2020-09-27,27.7,10.45,75.8
2020-09-28,25.7,0.0,66.6
2020-09-29,24.6,4.25,71.0
2020-09-30,27.4,0.31,73.4
2020-10-01,28.0,0.0,74.7
2020-10-02,26.4,0.0,67.2
2020-10-03,24.4,36.09,77.3
2020-10-04,27.6,1.83,70.4
2020-10-05,29.4,151.38,76.1
2020-10-06,25.2,0.0,75.6
2020-10-07,28.0,0.0,68.6
2020-10-08,27.4,41.66,74.4
2020-10-09,24.9,16.53,76.5
2020-10-10,28.2,4.64,71.7
2020-10-11,27.2,3.59,73.8
2020-10-12,26.7,0.0,65.5
2020-10-13,28.3,0.0,65.2
2020-10-14,26.9,0.0,72.3
2020-10-15,28.2,0.0,62.0
2020-10-16,29.7,0.0,67.3
2020-10-17,26.9,0.0,69.5
2020-10-18,27.2,0.0,72.8
2020-10-19,25.9,0.0,75.9
2020-10-20,28.3,0.0,74.0
2020-10-21,25.1,0.0,63.6
2020-10-22,25.9,0.0,67.8
2020-10-23,26.4,0.0,71.1
2020-10-24,26.2,2.53,67.2
2020-10-25,25.6,0.0,70.9
2020-10-26,27.3,12.17,64.3
2020-10-27,25.9,0.0,64.4
2020-10-28,23.8,0.0,80.7
2020-10-29,27.6,0.0,66.5
2020-10-30,28.2,0.0,68.1
2020-10-31,25.5,0.0,73.4
2020-11-01,27.7,0.0,68.3
2020-11-02,25.5,0.0,74.4
2020-11-03,24.9,0.0,79.8
2020-11-04,25.0,0.0,69.4
2020-11-05,27.9,0.0,81.8
2020-11-06,27.5,0.0,66.2
2020-11-07,26.7,0.0,57.2
2020-11-08,24.7,0.0,69.5
2020-11-09,26.8,4.09,70.5
2020-11-10,24.6,0.0,62.2
2020-11-11,26.5,0.0,61.7
2020-11-12,25.1,0.0,63.7
2020-11-13,25.1,0.0,60.1
2020-11-14,25.1,14.09,67.6
2020-11-15,23.3,7.47,64.4
2020-11-16,23.7,0.0,75.3
2020-11-17,25.5,0.0,72.5
2020-11-18,24.4,0.0,66.4
2020-11-19,26.5,0.0,66.5
2020-11-20,26.9,0.0,73.8
2020-11-21,23.8,0.0,71.0
2020-11-22,23.8,0.0,60.7
2020-11-23,25.3,0.0,68.2
2020-11-24,27.7,0.0,69.4
2020-11-25,24.6,0.0,68.4
2020-11-26,26.0,0.0,71.7
2020-11-27,23.5,0.0,65.4
2020-11-28,24.4,0.0,59.4
2020-11-29,26.0,0.0,72.1
2020-11-30,25.1,0.0,62.7
2020-12-01,26.0,0.0,65.3
2020-12-02,25.5,0.0,68.6
2020-12-03,25.3,0.0,61.1
2020-12-04,25.3,0.0,66.7
2020-12-05,26.9,0.0,62.5
2020-12-06,25.3,0.0,64.3
2020-12-07,26.3,0.0,62.7
2020-12-08,25.0,0.0,61.9
2020-12-09,25.4,0.0,71.0
2020-12-10,24.1,0.0,70.3
2020-12-11,22.9,0.0,67.8
2020-12-12,24.8,0.0,64.7
2020-12-13,25.4,0.0,61.8
2020-12-14,24.7,0.0,55.9
2020-12-15,25.9,0.0,64.7
2020-12-16,24.4,0.0,65.8
2020-12-17,23.7,0.0,68.7
2020-12-18,23.6,0.0,71.6
2020-12-19,26.0,0.0,67.1
2020-12-20,24.3,0.0,67.7
2020-12-21,25.3,0.0,64.6
2020-12-22,23.7,0.0,66.7
2020-12-23,24.3,0.0,69.8
2020-12-24,25.3,0.0,63.3
2020-12-25,26.5,0.0,67.2
2020-12-26,24.1,0.0,67.8
2020-12-27,23.6,0.0,63.3
2020-12-28,25.3,0.0,62.6
2020-12-29,25.5,0.0,73.7
2020-12-30,24.8,0.0,71.2
2020-12-31,26.8,0.0,66.1
2021-01-01,23.5,0.0,67.2
2021-01-02,24.5,0.0,71.0
2021-01-03,25.5,0.0,63.0
2021-01-04,24.5,0.0,67.4
2021-01-05,25.9,0.0,71.3
2021-01-06,25.5,0.0,63.9
2021-01-07,25.3,0.0,68.6
2021-01-08,28.3,0.0,58.9
2021-01-09,24.4,0.0,68.0
2021-01-10,25.3,0.0,67.1
2021-01-11,26.2,0.0,76.3
2021-01-12,24.8,0.0,68.8
2021-01-13,25.8,0.0,65.7
2021-01-14,26.7,0.0,70.2
2021-01-15,26.0,0.0,68.9
2021-01-16,26.6,0.0,63.6
2021-01-17,25.4,0.0,68.0
2021-01-18,25.5,0.0,76.7
2021-01-19,28.1,0.0,69.9
2021-01-20,26.4,0.0,61.3
2021-01-21,27.0,0.0,66.9
2021-01-22,25.2,0.0,69.8
2021-01-23,25.7,0.0,67.6
2021-01-24,27.3,0.0,74.6
2021-01-25,26.1,0.0,66.2
2021-01-26,24.6,0.0,75.5
2021-01-27,25.1,0.0,65.4
2021-01-28,26.1,0.0,68.2
2021-01-29,28.0,0.0,73.5
2021-01-30,26.8,0.0,61.0
2021-01-31,25.4,0.0,64.2
2021-02-01,26.3,0.0,70.8
2021-02-02,26.4,0.0,74.9
2021-02-03,24.4,0.0,65.2
2021-02-04,26.4,0.0,70.7
2021-02-05,26.1,0.0,63.0
2021-02-06,26.3,0.0,70.6
2021-02-07,25.5,0.0,75.3
2021-02-08,27.0,0.0,66.8
2021-02-09,26.1,0.0,66.1
2021-02-10,25.8,0.0,74.0
2021-02-11,28.8,0.0,71.3
2021-02-12,26.3,0.0,72.6
2021-02-13,25.2,0.0,73.4
2021-02-14,28.2,0.0,67.7
2021-02-15,28.5,0.0,72.6
2021-02-16,25.8,0.0,76.3
2021-02-17,26.5,0.0,66.4
2021-02-18,26.8,0.0,72.1
2021-02-19,26.6,0.0,66.2
2021-02-20,25.5,0.0,74.6
2021-02-21,25.9,0.0,70.6
2021-02-22,29.7,0.0,62.3
2021-02-23,26.6,0.0,68.9
2021-02-24,26.7,0.0,65.7
2021-02-25,28.2,0.0,71.7
2021-02-26,26.8,0.0,67.2
2021-02-27,26.7,0.0,67.4
2021-02-28,26.3,0.0,70.9
2021-03-01,28.2,0.0,65.8
2021-03-02,27.8,0.0,55.7
2021-03-03,28.9,0.0,65.4
2021-03-04,27.2,0.0,65.2
2021-03-05,29.2,0.0,74.6
2021-03-06,28.0,0.0,60.5
2021-03-07,27.2,0.0,75.7
2021-03-08,28.4,0.0,68.4
2021-03-09,28.3,0.0,69.6
2021-03-10,28.3,0.0,67.0
2021-03-11,27.2,0.0,66.9
2021-03-12,28.0,0.0,65.1
2021-03-13,27.9,0.0,76.7
2021-03-14,29.0,0.0,64.5
2021-03-15,29.7,0.0,69.7
2021-03-16,29.3,0.0,68.5
2021-03-17,29.2,0.0,67.7
2021-03-18,29.7,0.0,72.0
2021-03-19,29.9,0.0,70.0
2021-03-20,28.1,0.0,59.7
2021-03-21,27.2,0.0,60.0
2021-03-22,28.8,0.0,65.2
2021-03-23,30.4,0.0,73.8
2021-03-24,27.3,0.0,76.1
2021-03-25,27.7,0.0,65.9
2021-03-26,28.9,0.0,67.8
2021-03-27,28.2,0.0,62.5
2021-03-28,30.1,0.0,69.0
2021-03-29,29.1,0.0,68.9
2021-03-30,30.0,0.0,64.7
2021-03-31,29.4,0.0,67.0
2021-04-01,29.6,0.0,69.7
2021-04-02,27.8,0.0,75.3
2021-04-03,28.5,0.0,76.2
2021-04-04,27.0,0.0,79.3
2021-04-05,28.4,0.0,64.8
2021-04-06,28.8,0.0,57.6
2021-04-07,29.8,0.0,68.1
2021-04-08,28.2,0.0,62.6
2021-04-09,31.6,0.0,70.0
2021-04-10,31.0,0.0,66.2
2021-04-11,28.4,0.0,64.5
2021-04-12,27.6,0.0,67.6
2021-04-13,27.9,0.0,72.5
2021-04-14,30.1,0.0,69.6
2021-04-15,28.4,0.0,67.9
2021-04-16,29.5,0.0,64.3
2021-04-17,30.5,0.0,63.0
2021-04-18,30.4,0.0,69.8
2021-04-19,30.8,0.0,66.3
2021-04-20,28.5,0.0,63.8
2021-04-21,30.8,0.0,70.8
2021-04-22,30.9,0.0,68.4
2021-04-23,31.2,0.0,67.2
2021-04-24,31.1,0.0,75.6
2021-04-25,28.8,0.0,65.7
2021-04-26,27.5,0.0,73.1
2021-04-27,30.7,0.0,69.4
2021-04-28,32.2,0.0,70.9
2021-04-29,29.5,0.0,69.5
2021-04-30,29.5,0.0,73.5
2021-05-01,30.7,0.0,76.1
2021-05-02,31.7,0.0,63.4
2021-05-03,31.4,0.0,74.9
2021-05-04,29.2,0.0,68.3
2021-05-05,30.1,0.0,71.3
2021-05-06,30.0,0.0,71.1
2021-05-07,31.3,0.0,67.6
2021-05-08,31.6,0.0,67.5
2021-05-09,29.7,0.0,71.1
2021-05-10,29.8,0.0,67.6
2021-05-11,31.1,0.0,73.6
2021-05-12,30.6,0.0,63.9
2021-05-13,30.0,0.0,70.0
2021-05-14,30.4,0.0,77.1
2021-05-15,31.6,0.0,70.3
2021-05-16,30.5,0.0,67.0
2021-05-17,30.8,0.0,71.1
2021-05-18,30.1,0.0,67.1
2021-05-19,31.7,0.0,75.3
2021-05-20,30.4,0.0,72.5
2021-05-21,31.4,0.0,71.0
2021-05-22,31.3,0.0,75.5
2021-05-23,30.7,0.0,72.1
2021-05-24,30.2,0.0,69.5
2021-05-25,31.1,0.0,71.4
2021-05-26,30.8,0.0,69.5
2021-05-27,32.3,0.0,68.3
2021-05-28,30.2,0.0,76.2
2021-05-29,32.1,0.0,70.7
2021-05-30,32.6,0.0,71.1
2021-05-31,32.0,0.0,78.1
2021-06-01,32.1,2.28,68.2
2021-06-02,31.0,0.0,70.7
2021-06-03,31.8,0.0,72.2
2021-06-04,31.8,2.78,82.0
2021-06-05,29.5,2.85,74.3
2021-06-06,30.9,2.49,76.1
2021-06-07,29.9,10.69,75.8
2021-06-08,29.2,0.0,70.2
2021-06-09,31.3,0.0,77.6
2021-06-10,31.9,9.76,80.0
2021-06-11,30.6,0.0,84.0
2021-06-12,32.0,0.0,75.7
2021-06-13,32.0,0.0,79.5
2021-06-14,31.5,35.24,81.2
2021-06-15,30.8,0.0,77.6
2021-06-16,32.2,0.0,87.0
2021-06-17,33.4,4.28,86.5
2021-06-18,29.0,2.91,84.5
2021-06-19,32.2,0.0,72.5
2021-06-20,30.1,0.0,77.3
2021-06-21,32.3,0.24,82.1
2021-06-22,32.5,0.0,79.2
2021-06-23,30.9,0.0,71.4
2021-06-24,30.9,0.0,80.3
2021-06-25,31.3,22.66,88.5
2021-06-26,31.5,46.14,87.0
2021-06-27,31.1,0.0,83.7
2021-06-28,32.6,39.78,80.4
2021-06-29,29.5,0.0,80.3
2021-06-30,30.7,9.07,81.7
2021-07-01,32.0,3.22,78.4
2021-07-02,30.9,0.0,78.7
2021-07-03,31.0,0.0,81.8
2021-07-04,30.9,2.44,90.4
2021-07-05,32.3,2.64,83.9
2021-07-06,32.0,0.0,82.6
2021-07-07,29.7,0.0,86.5
2021-07-08,29.9,13.27,89.3
2021-07-09,30.7,0.0,87.2
2021-07-10,31.0,8.54,77.4
2021-07-11,32.2,59.98,89.9
2021-07-12,31.0,33.18,86.2
2021-07-13,32.6,40.15,76.8
2021-07-14,33.2,2.17,81.0
2021-07-15,30.0,12.04,72.8
2021-07-16,31.2,50.09,79.0
2021-07-17,32.2,77.84,82.4
2021-07-18,31.2,29.67,84.1
2021-07-19,31.3,0.0,81.1
2021-07-20,30.4,11.94,83.8
2021-07-21,30.2,0.05,80.7
2021-07-22,31.1,5.04,84.9
2021-07-23,31.9,51.96,83.0
2021-07-24,29.6,0.0,85.8
2021-07-25,30.6,0.0,87.4
2021-07-26,32.8,0.82,86.5
2021-07-27,30.4,16.26,82.1
2021-07-28,30.8,0.0,75.3
2021-07-29,31.5,0.0,85.4
2021-07-30,31.2,0.0,76.7
2021-07-31,30.4,7.19,86.6
2021-08-01,30.2,8.01,88.5
2021-08-02,32.2,182.4,87.6
2021-08-03,29.3,22.31,88.6
2021-08-04,28.8,2.38,87.9
2021-08-05,31.6,0.0,79.0
2021-08-06,31.8,0.0,77.0
2021-08-07,29.2,36.27,72.8
2021-08-08,31.2,0.0,83.2
2021-08-09,30.6,8.01,84.7
2021-08-10,30.0,11.91,84.1
2021-08-11,30.2,19.81,82.2
2021-08-12,32.2,10.61,86.8
2021-08-13,30.9,7.92,83.6
2021-08-14,30.7,49.49,74.9
2021-08-15,30.6,24.5,75.7
2021-08-16,29.2,7.21,87.4
2021-08-17,29.5,0.44,84.0
2021-08-18,29.7,0.0,75.0
2021-08-19,28.8,15.97,87.3
2021-08-20,30.3,0.0,79.4
2021-08-21,31.0,0.0,86.5
2021-08-22,29.5,0.0,79.0
2021-08-23,28.6,0.0,86.0
2021-08-24,28.6,0.0,84.1
2021-08-25,31.3,0.0,78.4
2021-08-26,28.8,26.99,78.2
2021-08-27,28.0,3.69,86.2
2021-08-28,27.6,25.36,81.5
2021-08-29,28.7,0.0,74.8
2021-08-30,30.6,3.21,75.1
2021-08-31,30.6,23.88,77.1
2021-09-01,29.8,0.0,78.3
2021-09-02,28.2,11.84,73.4
2021-09-03,30.0,54.31,86.4
2021-09-04,28.8,0.0,74.2
2021-09-05,29.6,262.45,73.6
2021-09-06,31.4,0.0,69.7
2021-09-07,28.6,0.0,77.1
2021-09-08,27.2,8.01,76.2
2021-09-09,30.9,0.0,80.7
2021-09-10,28.5,0.0,75.0
2021-09-11,28.4,107.83,76.7
2021-09-12,26.7,0.0,76.0
2021-09-13,29.4,7.38,76.5
2021-09-14,29.7,57.6,74.5
2021-09-15,28.7,0.0,73.1
2021-09-16,29.7,14.17,76.7
2021-09-17,27.9,19.1,80.6
2021-09-18,29.9,0.0,86.8
2021-09-19,29.1,31.69,70.3
2021-09-20,30.2,0.0,70.8
2021-09-21,26.2,99.86,74.1
2021-09-22,26.7,2.61,78.4
2021-09-23,29.1,4.81,75.4
2021-09-24,28.4,161.02,71.3
2021-09-25,26.9,84.51,77.7
2021-09-26,28.0,39.31,67.6
2021-09-27,28.9,0.0,71.8
2021-09-28,29.1,31.9,69.5
2021-09-29,28.1,26.62,68.5
2021-09-30,27.8,7.66,66.8
2021-10-01,28.2,44.56,69.6
2021-10-02,27.6,13.39,69.2
2021-10-03,29.8,0.0,65.3
2021-10-04,27.0,0.0,65.2
2021-10-05,27.5,0.0,68.3
2021-10-06,27.2,0.0,73.8
2021-10-07,29.2,0.0,66.0
2021-10-08,26.7,0.0,72.9
2021-10-09,28.3,0.0,71.1
2021-10-10,27.2,0.0,73.0
2021-10-11,26.7,0.0,63.2
2021-10-12,24.7,14.47,66.5
2021-10-13,27.0,0.0,73.1
2021-10-14,29.0,0.0,79.0
2021-10-15,26.2,0.0,67.1
2021-10-16,23.6,0.0,62.1
2021-10-17,27.2,0.0,71.1
2021-10-18,25.5,0.0,75.9
2021-10-19,24.8,0.0,70.2
2021-10-20,26.2,0.0,66.2
2021-10-21,25.2,0.0,66.2
2021-10-22,27.9,0.0,73.7
2021-10-23,26.9,0.0,80.3
2021-10-24,27.3,0.0,75.3
2021-10-25,25.8,0.0,71.6
2021-10-26,26.4,0.0,70.9
2021-10-27,25.8,0.0,68.1
2021-10-28,26.7,0.0,69.1
2021-10-29,23.8,0.0,67.8
2021-10-30,26.3,0.0,60.0
2021-10-31,27.4,0.0,57.3
2021-11-01,28.2,0.0,70.3
2021-11-02,27.1,0.0,67.2
2021-11-03,26.3,0.0,64.8
2021-11-04,24.1,0.0,68.6
2021-11-05,26.2,0.0,68.6
2021-11-06,23.8,0.0,63.0
2021-11-07,25.0,0.0,62.1
2021-11-08,25.7,0.0,70.9
2021-11-09,25.6,0.0,63.0
2021-11-10,26.9,0.0,68.0
2021-11-11,25.6,0.0,67.5
2021-11-12,24.4,0.0,65.8
2021-11-13,25.3,0.0,66.0
2021-11-14,24.9,0.0,66.9
2021-11-15,27.0,0.0,66.7
2021-11-16,24.1,0.0,61.8
2021-11-17,25.2,0.0,66.1
2021-11-18,26.8,0.0,70.0
2021-11-19,24.7,0.0,74.3
2021-11-20,26.1,0.0,73.4
2021-11-21,25.7,0.0,56.0
2021-11-22,25.2,0.0,71.5
2021-11-23,23.6,0.0,67.0
2021-11-24,25.6,0.0,62.1
2021-11-25,25.0,0.0,66.0
2021-11-26,25.9,0.0,72.8
2021-11-27,23.8,0.0,67.8
2021-11-28,26.1,0.0,65.0
2021-11-29,26.3,0.0,63.5
2021-11-30,27.1,0.0,66.1
2021-12-01,24.9,0.0,65.6
2021-12-02,24.7,0.0,62.5
2021-12-03,26.5,0.0,59.5
2021-12-04,24.2,0.0,62.5
2021-12-05,24.4,0.0,68.2
2021-12-06,25.1,0.0,56.7
2021-12-07,24.1,0.0,62.4
2021-12-08,27.1,0.0,77.8
2021-12-09,26.5,0.0,69.4
2021-12-10,22.9,0.0,75.6
2021-12-11,22.9,0.0,71.7
2021-12-12,24.7,0.0,71.9
2021-12-13,26.0,0.0,70.6
2021-12-14,26.2,0.0,64.7
2021-12-15,27.0,0.0,68.2
2021-12-16,25.7,0.0,74.1
2021-12-17,24.2,0.0,68.5
2021-12-18,25.9,0.0,65.9
2021-12-19,24.1,0.0,67.0
2021-12-20,24.4,0.0,74.0
2021-12-21,23.6,0.0,61.4
2021-12-22,24.4,0.0,76.0
2021-12-23,24.7,0.0,66.2
2021-12-24,24.8,0.0,66.5
2021-12-25,27.5,0.0,65.2
2021-12-26,25.6,0.0,68.2
2021-12-27,25.9,0.0,67.9
2021-12-28,25.7,0.0,69.4
2021-12-29,27.3,0.0,65.6
2021-12-30,24.4,0.0,62.4
2021-12-31,26.4,0.0,64.5
2022-01-01,24.6,0.0,62.6
2022-01-02,25.5,0.0,60.7
2022-01-03,26.2,0.0,69.3
2022-01-04,24.1,0.0,69.4
2022-01-05,25.2,0.0,59.1
2022-01-06,25.7,0.0,62.0
2022-01-07,26.3,0.0,72.1
2022-01-08,25.5,0.0,70.0
2022-01-09,29.0,0.0,73.3
2022-01-10,27.9,0.0,63.4
2022-01-11,23.3,0.0,56.8
2022-01-12,26.0,0.0,59.7
2022-01-13,26.5,0.0,69.1
2022-01-14,26.3,0.0,61.6
2022-01-15,27.5,0.0,74.4
2022-01-16,22.6,0.0,67.7
2022-01-17,24.7,0.0,69.7
2022-01-18,27.8,0.0,70.6
2022-01-19,27.4,0.0,72.7
2022-01-20,28.7,0.0,68.4
2022-01-21,28.0,0.0,69.6
2022-01-22,24.6,0.0,59.2
2022-01-23,27.3,0.0,62.7
2022-01-24,25.8,0.0,69.9
2022-01-25,26.4,0.0,68.5
2022-01-26,26.3,0.0,66.1
2022-01-27,25.7,0.0,64.4
2022-01-28,25.7,0.0,71.1
2022-01-29,27.2,0.0,68.9
2022-01-30,25.8,0.0,66.2
2022-01-31,26.7,0.0,77.2
2022-02-01,27.0,0.0,66.6
2022-02-02,25.9,0.0,64.7
2022-02-03,26.2,0.0,73.5
2022-02-04,27.9,0.0,63.6
2022-02-05,24.7,0.0,64.7
2022-02-06,25.9,0.0,69.6
2022-02-07,25.2,0.0,75.6
2022-02-08,27.0,0.0,65.9
2022-02-09,29.9,0.0,58.5
2022-02-10,25.4,0.0,73.2
2022-02-11,28.3,0.0,67.8
2022-02-12,28.5,0.0,72.3
2022-02-13,24.5,0.0,70.2
2022-02-14,25.5,0.0,73.8
2022-02-15,27.0,0.0,68.4
2022-02-16,26.0,0.0,59.6
2022-02-17,27.5,0.0,67.5
2022-02-18,28.8,0.0,75.0
2022-02-19,28.0,0.0,75.9
2022-02-20,27.0,0.0,73.3
2022-02-21,28.0,0.0,68.9
2022-02-22,27.8,0.0,62.8
2022-02-23,26.0,0.0,74.9
2022-02-24,26.8,0.0,63.1
2022-02-25,28.1,0.0,67.9
2022-02-26,27.5,0.0,66.6
2022-02-27,28.0,0.0,70.1
2022-02-28,28.7,0.0,70.5
2022-03-01,24.9,0.0,80.7
2022-03-02,29.5,0.0,74.7
2022-03-03,25.6,0.0,67.3
2022-03-04,27.9,0.0,66.4
2022-03-05,28.1,0.0,62.2
2022-03-06,27.8,0.0,71.2
2022-03-07,28.2,0.0,59.5
2022-03-08,27.4,0.0,60.6
2022-03-09,27.3,0.0,67.1
2022-03-10,28.0,0.0,68.6
2022-03-11,28.4,0.0,65.6
2022-03-12,27.5,0.0,70.6
2022-03-13,28.7,0.0,65.6
2022-03-14,27.4,0.0,74.1
2022-03-15,27.7,0.0,69.6
2022-03-16,28.2,0.0,65.7
2022-03-17,29.0,0.0,63.3
2022-03-18,28.2,0.0,75.7
2022-03-19,29.1,0.0,65.3
2022-03-20,30.5,0.0,60.3
2022-03-21,28.2,0.0,70.5
2022-03-22,30.3,0.0,64.8
2022-03-23,27.3,0.0,78.3
2022-03-24,29.6,0.0,65.1
2022-03-25,28.7,0.0,61.2
2022-03-26,31.4,0.0,60.4
2022-03-27,28.4,0.0,58.4
2022-03-28,28.1,0.0,70.8
2022-03-29,30.3,0.0,76.2
2022-03-30,29.7,0.0,68.6
2022-03-31,29.3,0.0,66.2
2022-04-01,26.5,0.0,62.5
2022-04-02,29.8,0.0,71.1
2022-04-03,29.3,0.0,61.7
2022-04-04,29.5,0.0,64.9
2022-04-05,28.6,0.0,66.1
2022-04-06,31.0,0.0,72.7
2022-04-07,29.5,0.0,71.1
2022-04-08,29.3,0.0,74.2
2022-04-09,27.9,0.0,78.3
2022-04-10,29.5,0.0,67.0
2022-04-11,28.5,0.0,77.0
2022-04-12,31.4,0.0,75.1
2022-04-13,30.1,0.0,69.1
2022-04-14,29.2,0.0,74.7
2022-04-15,29.7,0.0,72.9
2022-04-16,31.6,0.0,75.9
2022-04-17,30.2,0.0,56.5
2022-04-18,30.0,0.0,63.9
2022-04-19,32.2,0.0,62.2
2022-04-20,30.6,0.0,69.6
2022-04-21,31.2,0.0,69.5
2022-04-22,29.8,0.0,62.6
2022-04-23,29.8,0.0,65.3
2022-04-24,31.3,0.0,69.2
2022-04-25,30.3,0.0,67.9
2022-04-26,30.8,0.0,68.7
2022-04-27,30.4,0.0,66.9
2022-04-28,30.5,0.0,63.3
2022-04-29,30.3,0.0,71.7
2022-04-30,29.0,0.0,62.9
2022-05-01,32.1,0.0,72.8
2022-05-02,29.9,0.0,70.3
2022-05-03,29.3,0.0,73.6
2022-05-04,30.8,0.0,73.6
2022-05-05,30.0,0.0,62.7
2022-05-06,32.2,0.0,64.1
2022-05-07,31.5,0.0,58.7
2022-05-08,30.1,0.0,63.2
2022-05-09,29.8,0.0,65.0
2022-05-10,31.6,0.0,74.0
2022-05-11,30.1,0.0,72.7
2022-05-12,29.4,0.0,62.3
2022-05-13,29.1,0.0,74.0
2022-05-14,31.8,0.0,67.9
2022-05-15,29.2,0.0,71.8
2022-05-16,29.7,0.0,71.3
2022-05-17,31.9,0.0,70.0
2022-05-18,32.0,0.0,76.9
2022-05-19,29.8,0.0,64.8
2022-05-20,30.4,0.0,74.4
2022-05-21,32.3,0.0,78.2
2022-05-22,31.4,0.0,70.4
2022-05-23,30.7,0.0,69.5
2022-05-24,31.4,0.0,68.1
2022-05-25,31.7,0.0,73.7
2022-05-26,30.0,0.0,74.5
2022-05-27,30.1,0.0,74.5
2022-05-28,32.6,0.0,63.1
2022-05-29,33.3,0.0,81.0
2022-05-30,32.4,0.0,77.7
2022-05-31,31.1,0.0,73.1
2022-06-01,30.6,27.62,76.6
2022-06-02,31.4,14.51,68.2
2022-06-03,32.6,0.0,76.4
2022-06-04,32.8,1.22,71.4
2022-06-05,31.4,1.98,76.7
2022-06-06,31.9,0.78,70.3
2022-06-07,29.8,0.0,73.3
2022-06-08,31.3,0.0,77.9
2022-06-09,33.1,1.1,73.3
2022-06-10,31.3,8.54,76.8
2022-06-11,32.0,4.74,75.8
2022-06-12,32.5,0.0,82.4
2022-06-13,32.4,8.86,80.4
2022-06-14,31.6,1.74,77.8
2022-06-15,30.8,0.0,87.5
2022-06-16,29.0,20.96,79.0
2022-06-17,30.1,14.95,74.9
2022-06-18,31.1,0.0,85.8
2022-06-19,32.3,0.0,76.3
2022-06-20,31.7,29.12,76.6
2022-06-21,32.7,0.0,73.9
2022-06-22,30.0,20.82,78.0
2022-06-23,29.4,1.77,82.2
2022-06-24,32.1,0.0,70.9
2022-06-25,33.4,11.7,78.7
2022-06-26,31.6,32.47,72.2
2022-06-27,30.8,7.3,85.7
2022-06-28,32.4,0.0,79.9
2022-06-29,33.0,9.5,86.3
2022-06-30,30.0,0.0,79.6
2022-07-01,30.9,13.78,72.6
2022-07-02,32.5,0.0,78.4
2022-07-03,31.6,3.58,96.1
2022-07-04,30.4,0.0,80.9
2022-07-05,30.9,0.0,85.9
2022-07-06,30.2,0.0,77.2
2022-07-07,29.6,0.0,79.4
2022-07-08,31.6,10.34,85.4
2022-07-09,29.7,37.42,87.6
2022-07-10,31.0,0.0,86.8
2022-07-11,30.1,3.69,77.0
2022-07-12,31.6,0.61,74.3
2022-07-13,30.7,0.0,75.2
2022-07-14,30.8,18.17,78.6
2022-07-15,29.3,0.0,80.4
2022-07-16,31.3,40.42,84.5
2022-07-17,30.5,0.0,73.8
2022-07-18,30.0,0.0,75.7
2022-07-19,31.4,2.9,83.6
2022-07-20,31.9,24.01,82.6
2022-07-21,32.8,9.18,80.8
2022-07-22,31.1,0.0,90.7
2022-07-23,31.1,0.0,77.9
2022-07-24,29.7,0.54,86.7
2022-07-25,30.0,4.3,83.3
2022-07-26,32.0,46.33,81.2
2022-07-27,30.2,24.97,79.0
2022-07-28,32.7,0.0,74.9
2022-07-29,29.2,220.57,76.8
2022-07-30,30.4,17.69,81.0
2022-07-31,30.3,0.0,78.8
2022-08-01,29.8,35.74,79.1
2022-08-02,30.1,0.0,82.0
2022-08-03,30.2,121.74,88.3
2022-08-04,30.6,0.0,84.8
2022-08-05,30.3,7.29,82.6
2022-08-06,31.5,290.53,77.8
2022-08-07,33.2,0.0,81.2
2022-08-08,31.1,0.0,83.6
2022-08-09,30.7,0.0,78.8
2022-08-10,29.1,0.0,84.2
2022-08-11,29.5,2.93,81.9
2022-08-12,28.2,0.0,84.5
2022-08-13,30.6,0.0,95.3
2022-08-14,28.3,0.0,82.9
2022-08-15,30.8,91.14,83.5
2022-08-16,29.1,3.83,79.9
2022-08-17,30.3,15.8,85.1
2022-08-18,30.4,1.29,77.9
2022-08-19,27.6,0.0,81.7
2022-08-20,28.8,15.7,72.5
2022-08-21,30.1,0.0,88.8
2022-08-22,30.2,222.73,85.5
2022-08-23,30.5,1.06,75.9
2022-08-24,29.2,0.0,87.6
2022-08-25,29.4,0.1,81.5
2022-08-26,31.5,37.31,83.0
2022-08-27,29.6,0.0,80.7
2022-08-28,30.3,25.34,78.7
2022-08-29,29.0,22.64,83.3
2022-08-30,27.5,18.12,77.6
2022-08-31,29.8,0.0,74.1
2022-09-01,29.8,0.17,84.8
2022-09-02,30.2,33.43,78.4
2022-09-03,28.0,83.43,82.5
2022-09-04,28.2,6.13,78.1
2022-09-05,26.5,0.42,82.1
2022-09-06,29.6,291.65,70.1
2022-09-07,29.8,0.0,81.2
2022-09-08,28.0,12.5,79.5
2022-09-09,28.3,0.0,73.4
2022-09-10,28.5,3.09,80.2
2022-09-11,30.5,43.46,79.9
2022-09-12,29.7,0.18,77.0
2022-09-13,29.9,96.3,80.2
2022-09-14,28.3,0.0,72.8
2022-09-15,27.9,1.54,71.7
2022-09-16,29.7,10.54,69.1
2022-09-17,26.4,19.14,77.9
2022-09-18,28.9,14.81,76.3
2022-09-19,26.8,48.86,67.5
2022-09-20,29.1,15.18,77.9
2022-09-21,28.7,0.0,78.8
2022-09-22,27.1,15.32,83.4
2022-09-23,28.3,0.0,74.2
2022-09-24,26.7,3.32,81.2
2022-09-25,26.7,4.36,66.8
2022-09-26,27.4,53.94,79.2
2022-09-27,27.0,19.69,77.9
2022-09-28,28.9,9.11,72.2
2022-09-29,30.1,19.12,76.7
2022-09-30,27.7,9.12,63.3
2022-10-01,27.6,14.9,73.1
2022-10-02,28.4,0.0,74.4
2022-10-03,27.2,0.0,72.7
2022-10-04,28.0,2.11,75.8
2022-10-05,25.3,116.82,75.4
2022-10-06,26.6,167.67,65.2
2022-10-07,25.6,61.6,73.6
2022-10-08,25.1,45.66,68.2
2022-10-09,28.3,0.0,76.5
2022-10-10,26.8,38.26,72.3
2022-10-11,28.9,0.0,75.4
2022-10-12,28.8,0.84,81.9
2022-10-13,27.0,0.0,76.2
2022-10-14,26.5,0.0,60.5
2022-10-15,26.1,0.0,65.0
2022-10-16,24.1,0.0,70.3
2022-10-17,26.3,0.0,71.5
2022-10-18,26.5,0.0,70.5
2022-10-19,26.0,0.0,69.5
2022-10-20,25.6,0.0,73.6
2022-10-21,26.6,0.0,65.9
2022-10-22,26.2,0.0,71.3
2022-10-23,26.8,0.0,67.4
2022-10-24,25.4,0.0,74.0
2022-10-25,28.7,0.0,70.0
2022-10-26,27.1,0.0,64.1
2022-10-27,26.3,0.0,64.0
2022-10-28,25.5,5.88,77.8
2022-10-29,25.3,0.0,71.6
2022-10-30,27.2,0.0,72.0
2022-10-31,25.8,0.0,66.2
2022-11-01,26.3,0.0,66.6
2022-11-02,26.7,0.0,58.6
2022-11-03,25.6,0.0,71.7
2022-11-04,26.5,0.0,68.0
2022-11-05,24.0,0.0,73.3
2022-11-06,25.0,0.0,74.1
2022-11-07,23.8,0.0,68.4
2022-11-08,25.6,0.0,69.7
2022-11-09,25.5,0.0,72.7
2022-11-10,28.0,0.0,65.9
2022-11-11,25.0,0.0,71.6
2022-11-12,26.1,0.0,59.0
2022-11-13,26.4,0.0,70.1
2022-11-14,27.5,0.0,66.2
2022-11-15,26.3,2.62,68.1
2022-11-16,26.7,0.0,62.6
2022-11-17,27.8,0.0,63.5
2022-11-18,23.8,0.0,64.4
2022-11-19,25.1,0.0,67.1
2022-11-20,25.3,0.0,63.4
2022-11-21,25.6,0.0,60.3
2022-11-22,24.9,0.0,76.3
2022-11-23,26.9,0.0,69.9
2022-11-24,24.9,0.0,62.9
2022-11-25,24.9,0.0,65.4
2022-11-26,26.1,0.0,66.6
2022-11-27,24.7,0.0,69.1
2022-11-28,24.4,0.0,62.7
2022-11-29,24.0,0.0,63.7
2022-11-30,25.4,0.0,70.4
2022-12-01,26.7,0.0,79.3
2022-12-02,26.4,0.0,70.4
2022-12-03,26.0,0.0,67.3
2022-12-04,25.6,0.0,61.1
2022-12-05,24.8,0.0,69.9
2022-12-06,25.3,0.0,62.3
2022-12-07,24.0,0.0,71.6
2022-12-08,25.6,0.0,66.4
2022-12-09,26.6,0.0,63.9
2022-12-10,23.6,0.0,72.8
2022-12-11,26.9,0.0,66.4
2022-12-12,22.9,0.0,64.3
2022-12-13,24.5,0.0,67.4
2022-12-14,24.2,0.0,77.6
2022-12-15,24.6,0.0,69.4
2022-12-16,25.0,0.0,68.3
2022-12-17,26.9,0.0,59.3
2022-12-18,24.3,0.0,75.1
2022-12-19,24.4,0.0,61.4
2022-12-20,24.6,0.0,67.9
2022-12-21,24.8,0.0,66.4
2022-12-22,24.7,0.0,67.4
2022-12-23,23.9,0.0,67.5
2022-12-24,25.7,0.0,61.0
2022-12-25,25.3,0.0,66.8
2022-12-26,26.6,0.0,63.0
2022-12-27,26.9,0.0,61.9
2022-12-28,23.7,0.0,66.4
2022-12-29,27.3,0.0,72.2
2022-12-30,26.1,0.0,68.9
2022-12-31,27.0,0.0,64.1
2023-01-01,25.5,0.0,71.8
2023-01-02,26.4,0.0,75.4
2023-01-03,26.3,0.0,61.2
2023-01-04,27.2,0.0,61.0
2023-01-05,25.0,0.0,75.6
2023-01-06,25.0,0.0,64.7
2023-01-07,25.4,0.0,71.6
2023-01-08,27.3,0.0,64.3
2023-01-09,27.5,0.0,69.3
2023-01-10,24.5,0.0,70.8
2023-01-11,26.4,0.0,61.5
2023-01-12,25.8,0.0,73.3
2023-01-13,25.6,0.0,64.4
2023-01-14,26.5,0.0,67.8
2023-01-15,28.1,0.0,65.9
2023-01-16,26.6,0.0,69.9
2023-01-17,25.5,0.0,70.4
2023-01-18,25.3,0.0,64.0
2023-01-19,26.6,0.0,73.4
2023-01-20,26.4,0.0,66.8
2023-01-21,27.4,0.0,69.8
2023-01-22,27.8,0.0,71.0
2023-01-23,26.5,0.0,66.4
2023-01-24,26.9,0.0,68.0
2023-01-25,28.2,0.0,72.0
2023-01-26,27.8,0.0,61.7
2023-01-27,25.3,0.0,66.9
2023-01-28,24.7,0.0,77.7
2023-01-29,24.8,0.0,65.4
2023-01-30,24.4,0.0,75.5
2023-01-31,26.9,0.0,73.8
2023-02-01,25.1,0.0,73.6
2023-02-02,27.3,0.0,72.7
2023-02-03,25.7,0.0,67.7
2023-02-04,27.7,0.0,69.6
2023-02-05,27.4,0.0,75.4
2023-02-06,26.9,0.0,61.4
2023-02-07,27.3,0.0,74.6
2023-02-08,25.3,0.0,67.0
2023-02-09,24.0,0.0,76.1
2023-02-10,26.2,0.0,75.9
2023-02-11,27.4,0.0,71.8
2023-02-12,25.4,0.0,72.9
2023-02-13,27.7,0.0,65.3
2023-02-14,27.7,0.0,71.7
2023-02-15,27.2,0.0,70.3
2023-02-16,27.4,0.0,72.1
2023-02-17,27.1,0.0,75.3
2023-02-18,27.4,0.0,68.0
2023-02-19,25.8,0.0,65.1
2023-02-20,28.5,0.0,67.8
2023-02-21,27.7,0.0,69.2
2023-02-22,28.0,0.0,66.3
2023-02-23,26.6,0.0,70.0
2023-02-24,25.8,0.0,70.0
2023-02-25,29.0,0.0,67.0
2023-02-26,25.9,0.0,74.2
2023-02-27,27.3,0.0,63.8
2023-02-28,27.6,0.0,71.3
2023-03-01,28.0,0.0,69.7
2023-03-02,28.2,0.0,66.2
2023-03-03,27.8,0.0,70.3
2023-03-04,26.2,0.0,58.0
2023-03-05,27.6,0.0,69.5
2023-03-06,27.9,0.0,70.1
2023-03-07,28.7,0.0,67.4
2023-03-08,28.4,0.0,67.6
2023-03-09,29.4,0.0,63.4
2023-03-10,29.2,0.0,62.1
2023-03-11,26.8,0.0,62.3
2023-03-12,28.4,0.0,66.5
2023-03-13,28.9,0.0,59.9
2023-03-14,27.8,0.0,64.1
2023-03-15,30.2,0.0,71.7
2023-03-16,27.9,0.0,65.7
2023-03-17,27.1,0.0,61.4
2023-03-18,26.6,0.0,73.3
2023-03-19,28.1,0.0,64.5
2023-03-20,28.2,0.0,62.9
2023-03-21,28.3,0.0,63.0
2023-03-22,26.3,0.0,72.3
2023-03-23,28.9,0.0,67.5
2023-03-24,30.2,0.0,67.0
2023-03-25,28.2,0.0,70.1
2023-03-26,29.7,0.0,67.0
2023-03-27,28.4,0.0,68.3
2023-03-28,28.2,0.0,63.5
2023-03-29,30.7,0.0,69.0
2023-03-30,30.1,0.0,62.9
2023-03-31,30.3,0.0,67.8
2023-04-01,32.0,0.0,59.9
2023-04-02,29.4,0.0,68.4
2023-04-03,29.4,0.0,72.5
2023-04-04,29.7,0.0,69.4
2023-04-05,31.2,0.0,67.3
2023-04-06,30.7,0.0,67.3
2023-04-07,28.6,0.0,66.3
2023-04-08,28.8,0.0,56.7
2023-04-09,30.2,0.0,71.7
2023-04-10,30.4,0.0,69.9
2023-04-11,30.4,0.0,63.4
2023-04-12,30.5,0.0,67.4
2023-04-13,29.7,0.0,73.2
2023-04-14,30.7,0.0,62.2
2023-04-15,30.8,0.0,67.9
2023-04-16,29.1,0.0,70.6
2023-04-17,28.7,0.0,64.6
2023-04-18,30.4,0.0,70.6
2023-04-19,29.7,0.0,64.0
2023-04-20,28.6,0.0,73.4
2023-04-21,31.2,0.0,66.4
2023-04-22,30.8,0.0,64.4
2023-04-23,32.0,0.0,69.7
2023-04-24,30.4,0.0,60.4
2023-04-25,30.6,0.0,67.7
2023-04-26,28.8,0.0,67.8
2023-04-27,32.2,0.0,77.7
2023-04-28,31.3,0.0,71.5
2023-04-29,31.6,0.0,73.9
2023-04-30,30.4,0.0,65.6
2023-05-01,30.6,0.0,64.0
2023-05-02,31.1,0.0,62.4
2023-05-03,29.9,0.0,72.4
2023-05-04,29.9,0.0,65.0
2023-05-05,33.1,0.0,63.6
2023-05-06,31.3,0.0,74.4
2023-05-07,30.1,0.0,74.1
2023-05-08,29.3,0.0,67.9
2023-05-09,29.6,0.0,68.4
2023-05-10,31.4,0.0,69.5
2023-05-11,29.9,0.0,66.7
2023-05-12,29.8,0.0,66.2
2023-05-13,30.8,0.0,71.4
2023-05-14,31.5,0.0,70.8
2023-05-15,32.6,0.0,67.0
2023-05-16,30.2,0.0,75.5
2023-05-17,30.4,0.0,80.5
2023-05-18,31.6,0.0,67.2
2023-05-19,30.7,11.89,70.4
2023-05-20,32.2,26.58,61.9
2023-05-21,30.7,0.0,76.6
2023-05-22,29.8,3.73,65.8
2023-05-23,30.5,0.0,72.2
2023-05-24,29.5,0.0,75.2
2023-05-25,30.7,4.88,76.2
2023-05-26,31.9,0.0,67.5
2023-05-27,31.4,0.0,69.6
2023-05-28,31.3,0.0,72.0
2023-05-29,29.9,0.0,66.1
2023-05-30,30.5,0.0,70.5
2023-05-31,31.0,0.0,76.4
2023-06-01,31.7,0.0,78.5
2023-06-02,34.4,25.89,68.4
2023-06-03,30.7,6.16,70.3
2023-06-04,32.6,12.65,71.2
2023-06-05,30.2,5.64,80.6
2023-06-06,30.3,4.11,72.2
2023-06-07,29.2,0.88,75.7
2023-06-08,30.6,0.0,80.5
2023-06-09,32.7,81.52,78.7
2023-06-10,31.5,1.26,79.1
2023-06-11,32.9,2.0,81.6
2023-06-12,30.9,14.14,68.6
2023-06-13,32.7,0.26,78.1
2023-06-14,30.9,0.0,77.7
2023-06-15,32.5,4.68,74.1
2023-06-16,33.4,0.4,81.8
2023-06-17,31.3,30.18,83.0
2023-06-18,30.0,0.0,75.0
2023-06-19,33.6,1.34,71.2
2023-06-20,30.5,63.64,65.5
2023-06-21,30.9,3.0,87.4
2023-06-22,31.1,0.0,76.0
2023-06-23,32.5,0.0,80.1
2023-06-24,32.3,1.43,79.1
2023-06-25,32.2,0.0,86.1
2023-06-26,31.2,2.83,72.9
2023-06-27,31.2,122.32,78.5
2023-06-28,32.4,4.4,76.0
2023-06-29,33.4,16.94,77.8
2023-06-30,30.0,17.04,75.1
2023-07-01,32.9,24.39,75.5
2023-07-02,32.5,19.73,81.4
2023-07-03,32.2,0.0,81.3
2023-07-04,30.6,0.0,75.3
2023-07-05,31.5,0.0,80.1
2023-07-06,31.8,84.59,76.3
2023-07-07,30.6,5.13,84.5
2023-07-08,32.7,0.01,85.0
2023-07-09,30.8,26.97,86.6
2023-07-10,33.1,3.62,80.4
2023-07-11,29.5,0.0,79.1
2023-07-12,29.7,0.0,81.9
2023-07-13,29.0,8.35,79.7
2023-07-14,32.0,26.17,82.2
2023-07-15,30.1,0.0,79.9
2023-07-16,30.2,0.0,77.0
2023-07-17,32.2,34.23,83.6
2023-07-18,33.1,7.65,86.3
2023-07-19,30.2,18.68,85.6
2023-07-20,32.6,0.0,77.3
2023-07-21,31.6,0.0,88.7
2023-07-22,31.0,9.3,75.1
2023-07-23,29.6,0.0,79.8
2023-07-24,29.3,0.0,83.4
2023-07-25,30.9,0.0,83.1
2023-07-26,31.0,4.93,81.6
2023-07-27,30.0,0.0,80.8
2023-07-28,29.6,7.45,81.2
2023-07-29,29.2,0.0,87.6
2023-07-30,31.1,0.0,87.9
2023-07-31,31.4,6.13,83.5
2023-08-01,31.5,0.0,78.4
2023-08-02,31.3,5.27,85.7
2023-08-03,29.9,0.0,89.3
2023-08-04,32.4,0.0,86.1
2023-08-05,29.3,15.69,79.8
2023-08-06,31.1,3.9,81.0
2023-08-07,29.9,11.42,88.8
2023-08-08,29.1,0.0,84.0
2023-08-09,29.6,2.98,78.0
2023-08-10,30.9,0.0,88.2
2023-08-11,31.5,0.34,80.1
2023-08-12,30.6,12.11,90.0
2023-08-13,26.8,19.9,93.2
2023-08-14,30.9,0.0,89.2
2023-08-15,27.6,55.66,85.6
2023-08-16,32.2,0.0,82.2
2023-08-17,30.2,7.15,75.5
2023-08-18,30.1,32.93,78.6
2023-08-19,31.0,1.75,76.5
2023-08-20,29.5,1.33,78.9
2023-08-21,29.5,0.0,82.7
2023-08-22,29.3,70.95,78.7
2023-08-23,29.8,0.0,84.8
2023-08-24,29.7,0.0,77.1
2023-08-25,29.9,23.74,82.7
2023-08-26,25.7,3.17,85.6
2023-08-27,29.4,0.0,77.0
2023-08-28,27.6,0.0,79.3
2023-08-29,32.5,21.58,75.3
2023-08-30,30.3,72.85,76.2
2023-08-31,30.4,1.71,80.3
2023-09-01,29.8,18.52,80.0
2023-09-02,30.0,0.0,82.6
2023-09-03,28.1,0.0,75.3
2023-09-04,30.0,0.0,79.4
2023-09-05,30.0,0.0,81.3
2023-09-06,29.2,33.98,77.5
2023-09-07,29.8,0.0,79.0
2023-09-08,30.1,0.0,70.8
2023-09-09,28.9,11.15,73.1
2023-09-10,27.5,6.15,82.4
2023-09-11,29.7,1.57,69.0
2023-09-12,30.4,0.0,68.3
2023-09-13,27.3,19.8,77.0
2023-09-14,29.9,21.87,69.3
2023-09-15,28.8,1.21,82.8
2023-09-16,29.2,10.83,81.5
2023-09-17,29.4,5.04,72.3
2023-09-18,27.2,0.0,75.9
2023-09-19,28.7,14.97,70.9
2023-09-20,29.5,4.88,65.9
2023-09-21,29.9,0.0,75.9
2023-09-22,29.2,8.46,67.5
2023-09-23,27.1,2.6,77.0
2023-09-24,28.3,0.79,80.7
2023-09-25,27.7,0.0,75.3
2023-09-26,28.0,0.0,80.2
2023-09-27,29.2,0.0,72.9
2023-09-28,26.3,0.0,76.9
2023-09-29,28.4,31.48,77.1
2023-09-30,28.3,0.0,70.9
2023-10-01,26.6,22.94,75.2
2023-10-02,29.0,9.08,73.0
2023-10-03,26.9,4.41,65.2
2023-10-04,27.6,0.0,68.5
2023-10-05,24.5,12.11,68.6
2023-10-06,28.8,0.0,67.2
2023-10-07,27.1,0.0,67.9
2023-10-08,27.0,0.0,76.7
2023-10-09,29.0,0.0,68.1
2023-10-10,25.1,0.0,73.1
2023-10-11,28.2,0.0,78.4
2023-10-12,28.4,2.52,70.1
2023-10-13,24.8,0.0,68.2
2023-10-14,27.4,0.0,71.8
2023-10-15,26.6,0.0,62.1
2023-10-16,25.8,0.0,66.3
2023-10-17,25.5,0.0,70.4
2023-10-18,27.8,0.0,59.8
2023-10-19,28.2,0.0,75.2
2023-10-20,25.5,0.0,71.9
2023-10-21,25.7,0.0,75.0
2023-10-22,27.7,0.0,67.1
2023-10-23,29.5,0.0,68.7
2023-10-24,24.9,0.0,73.1
2023-10-25,24.9,0.0,77.2
2023-10-26,25.3,0.0,72.8
2023-10-27,25.3,0.0,70.9
2023-10-28,27.9,0.0,76.3
2023-10-29,25.3,0.0,72.4
2023-10-30,29.1,0.0,59.0
2023-10-31,27.0,0.0,69.7
2023-11-01,27.6,0.0,68.8
2023-11-02,27.1,0.0,71.0
2023-11-03,25.1,0.0,70.9
2023-11-04,24.6,0.0,66.8
2023-11-05,27.4,0.0,68.6
2023-11-06,27.6,0.0,63.4
2023-11-07,26.7,0.0,71.0
2023-11-08,26.2,0.0,67.8
2023-11-09,26.2,0.0,67.2
2023-11-10,26.4,0.0,73.6
2023-11-11,24.5,0.0,70.1
2023-11-12,26.1,0.0,71.0
2023-11-13,26.0,0.0,67.0
2023-11-14,23.9,0.0,65.5
2023-11-15,22.8,0.0,68.0
2023-11-16,25.6,0.0,68.6
2023-11-17,23.5,0.0,67.8
2023-11-18,23.1,0.0,68.3
2023-11-19,23.8,0.0,69.6
2023-11-20,26.1,0.0,72.3
2023-11-21,25.8,0.0,62.5
2023-11-22,25.9,0.0,63.2
2023-11-23,27.8,0.0,54.1
2023-11-24,26.4,0.0,67.7
2023-11-25,27.6,0.0,61.7
2023-11-26,25.9,0.0,58.5
2023-11-27,27.0,0.0,66.4
2023-11-28,27.6,0.0,62.8
2023-11-29,28.0,0.0,71.6
2023-11-30,25.4,0.0,72.8
2023-12-01,24.2,0.0,70.0
2023-12-02,25.7,0.0,65.2
2023-12-03,27.2,0.0,60.8
2023-12-04,27.5,0.0,63.1
2023-12-05,25.8,0.0,62.8
2023-12-06,26.0,0.0,65.3
2023-12-07,27.5,0.0,65.7
2023-12-08,25.8,0.0,75.0
2023-12-09,26.4,0.0,70.9
2023-12-10,26.7,0.0,75.7
2023-12-11,25.3,0.0,68.3
2023-12-12,24.6,0.0,63.3
2023-12-13,28.5,0.0,64.4
2023-12-14,24.9,0.0,67.1
2023-12-15,24.3,0.0,69.1
2023-12-16,25.3,0.0,72.5
2023-12-17,25.8,0.0,64.7
2023-12-18,25.9,0.0,65.7
2023-12-19,25.2,0.0,68.2
2023-12-20,26.2,0.0,73.4
2023-12-21,27.6,0.0,65.5
2023-12-22,25.2,0.0,69.8
2023-12-23,25.6,0.0,62.6
2023-12-24,27.3,0.0,69.4
2023-12-25,24.4,0.0,69.7
2023-12-26,24.2,0.0,70.2
2023-12-27,24.8,0.0,73.5
2023-12-28,25.5,0.0,67.4
2023-12-29,26.7,0.0,70.6
2023-12-30,23.7,0.0,63.7
2023-12-31,24.9,0.0,62.4
2024-01-01,24.4,0.0,67.2
2024-01-02,23.9,0.0,66.3
2024-01-03,24.3,0.0,75.1
2024-01-04,26.7,0.0,70.7
2024-01-05,26.0,0.0,73.9
2024-01-06,26.0,0.0,69.4
2024-01-07,26.6,0.0,71.4
2024-01-08,26.4,0.0,66.4
2024-01-09,26.4,0.0,70.7
2024-01-10,28.2,0.0,65.4
2024-01-11,26.8,0.0,65.5
2024-01-12,22.7,0.0,57.2
2024-01-13,26.7,0.0,69.5
2024-01-14,27.2,0.0,71.9
2024-01-15,26.7,0.0,70.9
2024-01-16,25.4,0.0,69.1
2024-01-17,24.9,0.0,65.9
2024-01-18,26.2,0.0,57.5
2024-01-19,27.0,0.0,62.7
2024-01-20,27.3,0.0,67.4
2024-01-21,24.0,0.0,71.1
2024-01-22,26.7,0.0,73.4
2024-01-23,27.8,0.0,73.1
2024-01-24,27.3,0.0,65.1
2024-01-25,29.4,0.0,67.1
2024-01-26,25.6,0.0,62.3
2024-01-27,25.0,0.0,59.7
2024-01-28,27.5,0.0,64.2
2024-01-29,28.3,0.0,64.5
2024-01-30,25.3,0.0,64.0
2024-01-31,26.6,0.0,71.7
2024-02-01,26.9,0.0,74.8
2024-02-02,27.2,0.0,64.5
2024-02-03,28.2,0.0,75.7
2024-02-04,29.6,0.0,60.4
2024-02-05,26.1,0.0,70.0
2024-02-06,26.4,0.0,70.7
2024-02-07,25.1,0.0,61.8
2024-02-08,27.8,0.0,72.5
2024-02-09,25.6,0.0,66.4
2024-02-10,27.1,0.0,69.3
2024-02-11,27.6,0.0,73.2
2024-02-12,28.7,0.0,71.1
2024-02-13,27.1,0.0,66.0
2024-02-14,26.6,0.0,67.8
2024-02-15,26.4,0.0,75.9
2024-02-16,28.4,0.0,60.2
2024-02-17,26.9,0.0,72.3
2024-02-18,27.4,0.0,72.3
2024-02-19,28.3,0.0,76.5
2024-02-20,29.0,0.0,74.0
2024-02-21,28.9,0.0,61.1
2024-02-22,25.9,0.0,70.6
2024-02-23,26.3,0.0,69.6
2024-02-24,28.1,0.0,71.7
2024-02-25,28.4,0.0,76.1
2024-02-26,28.1,0.0,69.5
2024-02-27,29.3,0.0,67.0
2024-02-28,29.7,0.0,66.9
2024-02-29,27.8,0.0,72.7
2024-03-01,28.1,0.0,63.1
2024-03-02,29.3,0.0,70.8
2024-03-03,29.1,0.0,69.4
2024-03-04,26.9,0.0,59.6
2024-03-05,26.6,0.0,70.0
2024-03-06,26.1,0.0,62.7
2024-03-07,28.2,0.0,76.7
2024-03-08,27.6,0.0,63.5
2024-03-09,27.5,0.0,72.1
2024-03-10,26.5,0.0,66.5
2024-03-11,28.4,0.0,62.9
2024-03-12,26.7,0.0,69.6
2024-03-13,27.1,0.0,61.7
2024-03-14,28.1,0.0,66.7
2024-03-15,29.2,0.0,74.0
2024-03-16,28.7,0.0,66.0
2024-03-17,29.5,0.0,77.6
2024-03-18,28.7,0.0,72.4
2024-03-19,28.3,0.0,60.7
2024-03-20,28.5,0.0,77.5
2024-03-21,27.9,0.0,75.2
2024-03-22,29.0,0.0,58.7
2024-03-23,30.4,0.0,66.2
2024-03-24,29.9,0.0,75.8
2024-03-25,30.0,0.0,67.2
2024-03-26,29.6,0.0,67.7
2024-03-27,29.5,0.0,63.4
2024-03-28,29.4,0.0,67.7
2024-03-29,28.1,0.0,69.9
2024-03-30,28.1,0.0,76.2
2024-03-31,28.3,0.0,64.5
2024-04-01,30.6,0.0,68.2
2024-04-02,28.8,0.0,75.4
2024-04-03,30.3,0.0,70.2
2024-04-04,28.3,0.0,62.0
2024-04-05,29.4,0.0,71.5
2024-04-06,28.6,0.0,69.5
2024-04-07,30.6,0.0,60.1
2024-04-08,32.1,0.0,74.2
2024-04-09,28.4,0.0,61.7
2024-04-10,30.2,0.0,73.4
2024-04-11,29.0,0.0,69.0
2024-04-12,30.8,0.0,71.0
2024-04-13,32.0,0.0,62.4
2024-04-14,29.5,0.0,64.6
2024-04-15,31.3,0.0,68.6
2024-04-16,30.1,0.0,65.3
2024-04-17,29.4,0.0,63.2
2024-04-18,29.8,0.0,66.1
2024-04-19,31.7,0.0,64.0
2024-04-20,30.9,0.0,68.8
2024-04-21,30.3,0.0,64.7
2024-04-22,30.3,0.0,53.7
2024-04-23,29.8,0.0,76.6
2024-04-24,31.3,0.0,68.7
2024-04-25,33.1,0.0,71.6
2024-04-26,30.4,0.0,59.4
2024-04-27,29.5,0.0,63.5
2024-04-28,31.2,0.0,69.0
2024-04-29,31.4,0.0,79.3
2024-04-30,32.0,0.0,71.0
2024-05-01,29.4,0.0,67.2
2024-05-02,31.2,0.0,70.2
2024-05-03,29.9,0.0,62.7
2024-05-04,32.5,8.05,64.5
2024-05-05,31.8,0.0,73.5
2024-05-06,30.8,0.0,70.1
2024-05-07,29.6,0.0,70.9
2024-05-08,33.3,0.0,75.8
2024-05-09,30.9,0.0,71.2
2024-05-10,32.2,0.0,63.1
2024-05-11,28.9,0.0,78.2
2024-05-12,31.3,0.0,73.9
2024-05-13,32.1,0.0,75.8
2024-05-14,28.7,0.0,68.4
2024-05-15,31.6,0.0,73.4
2024-05-16,32.8,0.0,78.8
2024-05-17,29.6,0.0,68.7
2024-05-18,31.2,0.0,75.7
2024-05-19,30.9,0.0,78.6
2024-05-20,30.6,0.0,81.0
2024-05-21,30.6,0.0,66.7
2024-05-22,30.4,0.0,67.4
2024-05-23,30.5,0.0,68.9
2024-05-24,31.4,0.0,72.8
2024-05-25,31.5,0.0,72.5
2024-05-26,29.9,0.0,73.9
2024-05-27,30.8,0.0,75.7
2024-05-28,31.6,0.0,70.0
2024-05-29,32.9,0.0,76.6
2024-05-30,32.9,0.0,68.9
2024-05-31,31.5,16.93,73.4
2024-06-01,31.7,0.0,67.7
2024-06-02,29.9,0.0,82.5
2024-06-03,31.7,108.81,62.5
2024-06-04,29.4,0.0,72.4
2024-06-05,31.1,0.0,68.2
2024-06-06,30.1,0.0,78.2
2024-06-07,30.7,9.75,78.9
2024-06-08,31.8,0.0,75.0
2024-06-09,31.9,0.0,71.0
2024-06-10,33.1,0.0,69.4
2024-06-11,31.9,30.66,72.8
2024-06-12,31.0,0.0,77.0
2024-06-13,32.4,53.69,82.9
2024-06-14,29.7,0.0,79.5
2024-06-15,33.6,0.0,82.8
2024-06-16,29.1,2.24,77.5
2024-06-17,32.4,6.81,77.4
2024-06-18,32.3,0.0,80.0
2024-06-19,30.9,0.0,79.7
2024-06-20,31.1,0.0,75.4
2024-06-21,29.9,2.66,82.0
2024-06-22,31.7,0.0,80.6
2024-06-23,32.2,25.78,76.5
2024-06-24,31.0,2.34,82.1
2024-06-25,32.1,0.0,77.2
2024-06-26,32.4,0.0,79.0
2024-06-27,30.7,13.95,77.9
2024-06-28,32.5,0.0,80.4
2024-06-29,32.1,0.0,84.2
2024-06-30,31.6,0.0,74.6
2024-07-01,32.4,12.82,82.7
2024-07-02,31.9,0.0,79.8
2024-07-03,30.6,0.0,77.8
2024-07-04,30.7,0.0,75.6
2024-07-05,31.7,0.31,84.4
2024-07-06,32.7,7.51,79.9
2024-07-07,31.6,0.0,82.8
2024-07-08,30.9,0.0,83.3
2024-07-09,31.4,7.32,88.9
2024-07-10,30.0,0.0,88.8
2024-07-11,32.6,27.72,86.4
2024-07-12,32.9,0.0,86.8
2024-07-13,33.2,1.8,92.5
2024-07-14,32.3,0.0,84.5
2024-07-15,30.4,10.35,85.9
2024-07-16,31.0,34.05,85.5
2024-07-17,30.7,47.16,80.1
2024-07-18,31.6,35.35,83.3
2024-07-19,32.6,0.12,83.8
2024-07-20,28.3,38.84,84.1
2024-07-21,31.5,0.0,84.2
2024-07-22,31.3,19.39,83.0
2024-07-23,31.3,39.3,86.6
2024-07-24,31.7,3.55,78.2
2024-07-25,29.9,17.14,85.4
2024-07-26,32.0,3.75,80.1
2024-07-27,31.2,0.93,74.0
2024-07-28,30.6,0.0,76.6
2024-07-29,30.8,0.0,83.1
2024-07-30,30.2,51.47,86.4
2024-07-31,30.8,9.43,81.0
2024-08-01,31.3,14.06,82.7
2024-08-02,29.2,29.92,85.4
2024-08-03,30.2,0.0,81.6
2024-08-04,30.0,0.0,85.8
2024-08-05,30.5,43.69,89.5
2024-08-06,30.1,10.32,88.2
2024-08-07,28.4,44.6,79.6
2024-08-08,30.9,0.0,78.0
2024-08-09,31.7,1.16,91.5
2024-08-10,29.5,0.0,88.1
2024-08-11,30.5,8.33,89.2
2024-08-12,29.4,7.17,84.0
2024-08-13,30.4,19.78,79.8
2024-08-14,29.9,74.67,85.6
2024-08-15,31.3,23.35,77.4
2024-08-16,29.4,3.9,81.0
2024-08-17,30.7,25.49,84.5
2024-08-18,29.1,0.0,82.8
2024-08-19,29.3,1.54,78.0
2024-08-20,30.0,17.5,84.0
2024-08-21,27.9,0.0,80.2
2024-08-22,28.8,7.21,84.4
2024-08-23,30.7,0.28,79.8
2024-08-24,28.9,0.0,80.5
2024-08-25,28.1,11.09,76.2
2024-08-26,27.9,0.0,88.9
2024-08-27,29.6,15.47,87.4
2024-08-28,28.8,36.6,76.4
2024-08-29,29.5,0.82,77.9
2024-08-30,26.2,21.78,85.2
2024-08-31,28.4,60.7,74.4
2024-09-01,28.4,8.0,83.9
2024-09-02,30.1,0.0,82.9
2024-09-03,30.2,25.6,77.0
2024-09-04,29.9,0.0,83.7
2024-09-05,26.8,0.87,80.2
2024-09-06,30.0,0.85,79.0
2024-09-07,30.3,3.21,79.4
2024-09-08,28.0,0.81,79.0
2024-09-09,29.2,50.22,72.6
2024-09-10,29.3,0.0,77.8
2024-09-11,28.3,67.4,76.3
2024-09-12,28.8,0.0,75.8
2024-09-13,27.7,84.08,78.7
2024-09-14,28.8,60.79,74.9
2024-09-15,28.4,8.95,77.0
2024-09-16,28.8,19.45,78.8
2024-09-17,30.6,9.2,72.5
2024-09-18,27.2,0.0,75.1
2024-09-19,29.7,16.81,71.2
2024-09-20,28.4,0.0,74.0
2024-09-21,28.2,0.0,78.4
2024-09-22,25.8,5.06,76.7
2024-09-23,29.2,1.3,66.6
2024-09-24,26.8,0.0,70.0
2024-09-25,26.9,36.74,75.6
2024-09-26,27.7,0.0,61.6
2024-09-27,27.6,0.0,71.4
2024-09-28,26.9,89.76,68.2
2024-09-29,29.5,0.0,72.7
2024-09-30,28.6,15.3,62.9
2024-10-01,30.5,6.15,70.8
2024-10-02,26.8,18.89,71.7
2024-10-03,26.7,0.0,63.9
2024-10-04,29.9,10.29,74.0
2024-10-05,26.1,11.04,73.1
2024-10-06,27.8,9.75,74.5
2024-10-07,27.1,0.4,66.4
2024-10-08,27.1,157.85,72.3
2024-10-09,25.8,2.87,70.4
2024-10-10,26.6,2.72,74.3
2024-10-11,29.5,22.41,73.4
2024-10-12,27.4,0.0,67.9
2024-10-13,28.9,0.0,70.7
2024-10-14,26.4,0.0,72.8
2024-10-15,27.3,0.0,69.2
2024-10-16,27.8,0.0,73.2
2024-10-17,27.8,0.0,71.3
2024-10-18,26.8,0.0,70.4
2024-10-19,27.0,0.0,66.9
2024-10-20,28.2,0.0,65.6
2024-10-21,27.2,0.0,60.2
2024-10-22,24.8,0.0,60.2
2024-10-23,26.1,0.0,62.7
2024-10-24,25.5,0.0,69.0
2024-10-25,24.8,0.0,65.2
2024-10-26,27.6,0.0,67.0
2024-10-27,27.9,0.0,69.2
2024-10-28,25.7,0.0,57.6
2024-10-29,26.2,0.0,67.2
2024-10-30,28.8,0.0,76.8
2024-10-31,26.3,0.0,67.4
2024-11-01,26.3,0.0,64.1
2024-11-02,26.8,0.0,65.6
2024-11-03,27.9,0.0,62.4
2024-11-04,26.9,0.0,68.8
2024-11-05,27.5,64.07,76.8
2024-11-06,25.2,0.0,76.4
2024-11-07,27.2,0.0,59.1
2024-11-08,26.1,0.0,65.2
2024-11-09,25.3,0.0,70.7
2024-11-10,26.8,0.0,65.0
2024-11-11,29.1,0.0,76.4
2024-11-12,26.4,0.0,62.7
2024-11-13,27.3,0.0,70.6
2024-11-14,25.8,0.0,65.8
2024-11-15,24.3,0.0,63.6
2024-11-16,26.6,0.0,57.9
2024-11-17,24.8,0.0,67.7
2024-11-18,25.7,0.0,70.9
2024-11-19,28.2,0.0,70.0
2024-11-20,23.9,0.0,70.5
2024-11-21,26.3,0.0,67.8
2024-11-22,26.5,0.0,68.1
2024-11-23,26.2,0.0,72.7
2024-11-24,25.2,0.0,58.2
2024-11-25,26.0,0.0,71.8
2024-11-26,24.7,0.0,67.1
2024-11-27,27.6,0.0,61.0
2024-11-28,26.0,0.0,68.2
2024-11-29,27.3,0.0,58.6
2024-11-30,25.4,0.0,70.1
2024-12-01,26.7,0.0,66.0
2024-12-02,26.5,0.0,63.0
2024-12-03,24.4,0.0,74.5
2024-12-04,27.5,0.0,58.1
2024-12-05,28.8,0.0,73.9
2024-12-06,26.9,0.0,71.2
2024-12-07,24.1,0.0,61.5
2024-12-08,24.7,0.0,65.8
2024-12-09,23.1,0.0,61.5
2024-12-10,24.7,0.0,61.9
2024-12-11,27.7,0.0,78.0
2024-12-12,26.9,0.0,63.0
2024-12-13,24.6,0.0,67.7
2024-12-14,24.2,0.0,71.3
2024-12-15,24.9,0.0,65.7
2024-12-16,26.9,0.0,64.0
2024-12-17,26.2,0.0,67.9
2024-12-18,27.4,0.0,67.1
2024-12-19,24.9,0.0,62.8
2024-12-20,25.8,0.0,67.7
2024-12-21,24.9,0.0,62.5
2024-12-22,25.5,0.0,65.6
2024-12-23,25.3,0.0,68.2
2024-12-24,25.4,0.0,72.2
2024-12-25,26.4,0.0,64.8
2024-12-26,25.2,0.0,61.6
2024-12-27,25.6,0.0,67.0
2024-12-28,24.7,0.0,69.4
2024-12-29,27.2,0.0,71.8
2024-12-30,27.8,0.0,67.4
2024-12-31,28.0,0.0,62.8
2025-01-01,26.8,0.0,62.4
2025-01-02,25.9,0.0,61.1
2025-01-03,24.9,0.0,67.3
2025-01-04,24.7,0.0,62.5
2025-01-05,25.9,0.0,65.2
2025-01-06,24.6,0.0,71.1
2025-01-07,26.9,0.0,65.3
2025-01-08,26.3,0.0,67.7
2025-01-09,24.5,0.0,68.1
2025-01-10,25.8,0.0,63.0
2025-01-11,27.1,0.0,64.9
2025-01-12,27.4,0.0,70.2
2025-01-13,26.4,0.0,62.2
2025-01-14,26.9,0.0,73.3
2025-01-15,26.6,0.0,70.2
2025-01-16,25.7,0.0,70.9
2025-01-17,26.4,0.0,65.7
2025-01-18,26.4,0.0,64.0
2025-01-19,25.7,0.0,70.2
2025-01-20,26.6,0.0,77.3
2025-01-21,26.4,0.0,71.5
2025-01-22,26.9,0.0,64.8
2025-01-23,26.5,0.0,59.4
2025-01-24,26.5,0.0,66.3
2025-01-25,24.4,0.0,65.5
2025-01-26,29.2,0.0,62.7
2025-01-27,27.4,0.0,64.8
2025-01-28,27.1,0.0,73.8
2025-01-29,28.7,0.0,64.5
2025-01-30,27.8,0.0,68.9
2025-01-31,27.3,0.0,72.8
2025-02-01,27.5,0.0,72.1
2025-02-02,28.7,0.0,71.4
2025-02-03,27.1,0.0,63.2
2025-02-04,25.3,0.0,70.3
2025-02-05,25.2,0.0,58.1
2025-02-06,28.6,0.0,62.1
2025-02-07,26.8,0.0,70.7
2025-02-08,27.7,0.0,71.7
2025-02-09,27.0,0.0,71.9
2025-02-10,27.6,0.0,68.7
2025-02-11,26.2,0.0,71.0
2025-02-12,27.8,0.0,66.2
2025-02-13,24.7,0.0,62.5
2025-02-14,27.0,0.0,68.9
2025-02-15,25.8,0.0,73.8
2025-02-16,27.4,0.0,75.5
2025-02-17,27.6,0.0,70.4
2025-02-18,27.3,0.0,61.5
2025-02-19,27.7,0.0,68.5
2025-02-20,25.6,0.0,67.2
2025-02-21,26.4,0.0,64.8
2025-02-22,27.4,0.0,68.6
2025-02-23,28.2,0.0,64.1
2025-02-24,28.1,0.0,66.5
2025-02-25,25.8,0.0,71.7
2025-02-26,29.3,0.0,62.3
2025-02-27,27.8,0.0,71.5
2025-02-28,29.8,0.0,65.4
2025-03-01,28.8,0.0,68.8
2025-03-02,29.4,0.0,75.7
2025-03-03,28.7,0.0,64.7
2025-03-04,27.6,0.0,66.7
2025-03-05,27.9,0.0,71.6
2025-03-06,29.2,0.0,70.2
2025-03-07,27.9,0.0,78.5
2025-03-08,26.2,0.0,71.4
2025-03-09,28.4,0.0,67.8
2025-03-10,28.7,0.0,63.5
2025-03-11,29.0,0.0,68.8
2025-03-12,29.3,0.0,77.4
2025-03-13,30.9,0.0,69.3
2025-03-14,26.9,0.0,62.1
2025-03-15,30.7,0.0,66.3
2025-03-16,29.6,0.0,64.7
2025-03-17,28.8,0.0,68.7
2025-03-18,27.3,0.0,66.4
2025-03-19,29.0,0.0,64.6
2025-03-20,29.6,0.0,62.7
2025-03-21,29.0,0.0,66.2
2025-03-22,28.5,0.0,69.5
2025-03-23,28.4,0.0,72.0
2025-03-24,28.2,0.0,65.2
2025-03-25,29.9,0.0,72.6
2025-03-26,29.9,0.0,58.1
2025-03-27,30.4,0.0,74.8
2025-03-28,28.5,0.0,59.9
2025-03-29,30.9,0.0,64.3
2025-03-30,32.3,0.0,66.6
2025-03-31,29.6,0.0,64.7
2025-04-01,30.9,0.0,76.5
2025-04-02,28.1,0.0,64.6
2025-04-03,32.4,0.0,76.2
2025-04-04,30.4,0.0,49.6
2025-04-05,31.2,0.0,57.6
2025-04-06,30.1,0.0,67.9
2025-04-07,28.0,0.0,62.1
2025-04-08,30.5,0.0,60.3
2025-04-09,29.9,0.0,65.6
2025-04-10,31.0,0.0,64.9
2025-04-11,29.1,0.0,64.3
2025-04-12,26.6,0.0,64.7
2025-04-13,30.0,0.0,67.6
2025-04-14,29.8,0.0,70.1
2025-04-15,31.0,0.0,71.3
2025-04-16,29.3,0.0,67.7
2025-04-17,29.9,0.0,61.4
2025-04-18,29.9,0.0,63.7
2025-04-19,29.5,0.0,65.2
2025-04-20,31.1,0.0,71.1
2025-04-21,30.1,0.0,62.9
2025-04-22,29.9,0.0,72.4
2025-04-23,29.8,0.0,61.8
2025-04-24,30.2,0.0,68.6
2025-04-25,32.4,0.0,66.7
2025-04-26,30.4,0.0,71.4
2025-04-27,30.0,0.0,73.1
2025-04-28,30.9,0.0,67.8
2025-04-29,31.7,0.0,66.3
2025-04-30,30.8,0.0,72.6
2025-05-01,31.3,0.0,65.9
2025-05-02,31.6,0.0,70.3
2025-05-03,31.8,0.0,69.9
2025-05-04,31.2,0.0,67.2
2025-05-05,29.4,13.53,66.2
2025-05-06,30.9,0.0,73.2
2025-05-07,30.3,0.0,71.2
2025-05-08,31.9,0.0,65.0
2025-05-09,32.6,0.0,64.2
2025-05-10,30.7,0.0,74.9
2025-05-11,32.0,0.0,79.1
2025-05-12,31.7,0.0,69.9
2025-05-13,31.0,0.0,69.8
2025-05-14,32.9,10.98,74.5
2025-05-15,30.8,0.0,68.2
2025-05-16,30.5,0.0,65.3
2025-05-17,30.4,0.0,74.5
2025-05-18,32.6,0.0,70.5
2025-05-19,30.5,0.0,77.5
2025-05-20,30.6,0.0,72.7
2025-05-21,32.7,0.0,75.5
2025-05-22,31.9,2.83,69.3
2025-05-23,31.3,0.0,74.8
2025-05-24,30.5,0.0,70.7
2025-05-25,31.8,0.0,77.0
2025-05-26,30.3,0.0,79.5
2025-05-27,31.8,0.0,72.6
2025-05-28,31.7,0.0,72.3
2025-05-29,31.5,0.0,65.5
2025-05-30,31.8,0.0,82.0
2025-05-31,32.3,0.0,83.1
2025-06-01,29.6,0.64,79.9
2025-06-02,30.4,2.03,68.8
2025-06-03,32.5,5.81,74.3
2025-06-04,31.5,1.02,71.0
2025-06-05,32.6,23.67,75.8
2025-06-06,33.6,129.06,73.6
2025-06-07,33.5,16.02,74.3
2025-06-08,32.8,0.0,66.0
2025-06-09,31.8,0.0,75.7
2025-06-10,33.1,17.38,80.2
2025-06-11,31.0,0.0,74.4
2025-06-12,31.9,12.91,71.8
2025-06-13,31.4,0.0,72.6
2025-06-14,31.2,31.43,74.1
2025-06-15,30.9,60.7,74.7
2025-06-16,32.2,18.64,74.8
2025-06-17,30.0,9.85,87.3
2025-06-18,29.5,0.0,74.8
2025-06-19,32.9,0.0,76.9
2025-06-20,32.2,7.11,81.8
2025-06-21,32.7,0.87,79.2
2025-06-22,31.6,33.38,74.3
2025-06-23,32.2,14.52,76.3
2025-06-24,31.1,29.04,78.6
2025-06-25,31.1,1.21,80.8
2025-06-26,30.4,0.0,73.9
2025-06-27,33.7,0.33,83.5
2025-06-28,30.6,34.47,84.0
2025-06-29,33.4,0.0,76.7
2025-06-30,30.2,0.0,79.6
2025-07-01,30.6,2.56,83.4
2025-07-02,33.0,10.35,78.6
2025-07-03,32.2,0.0,70.3
2025-07-04,32.0,3.43,76.9
2025-07-05,30.5,0.44,92.9
2025-07-06,32.6,5.51,77.1
2025-07-07,30.5,0.0,80.2
2025-07-08,31.8,3.47,90.5
2025-07-09,30.7,0.0,79.1
2025-07-10,33.2,21.89,78.9
2025-07-11,31.9,8.41,77.5
2025-07-12,32.9,4.63,84.3
2025-07-13,31.2,11.82,77.8
2025-07-14,30.6,7.64,86.3
2025-07-15,29.8,55.1,87.6
2025-07-16,31.6,50.22,89.5
2025-07-17,32.6,20.74,88.2
2025-07-18,31.9,0.0,81.3
2025-07-19,30.4,11.47,75.6
2025-07-20,30.7,2.88,78.5
2025-07-21,30.7,1.04,93.2
2025-07-22,31.1,14.6,82.8
2025-07-23,31.9,0.0,85.8
2025-07-24,31.2,0.03,76.3
2025-07-25,31.9,0.0,88.2
2025-07-26,31.5,9.13,84.1
2025-07-27,29.8,11.18,79.5
2025-07-28,31.1,0.0,87.5
2025-07-29,29.8,4.19,85.0
2025-07-30,31.0,29.15,73.1
2025-07-31,31.3,0.0,86.0
2025-08-01,29.9,0.0,84.0
2025-08-02,29.3,21.62,77.4
2025-08-03,31.0,0.0,81.1
2025-08-04,30.6,16.61,79.7
2025-08-05,32.0,44.02,88.7
2025-08-06,29.9,10.45,85.8
2025-08-07,32.4,0.0,82.4
2025-08-08,31.3,2.76,82.9
2025-08-09,28.8,0.0,84.5
2025-08-10,29.7,2.76,85.5
2025-08-11,30.4,0.0,87.9
2025-08-12,30.2,19.17,89.9
2025-08-13,29.3,62.36,78.4
2025-08-14,28.2,34.91,79.5
2025-08-15,29.9,0.56,81.6
2025-08-16,29.9,5.96,79.7
2025-08-17,30.8,0.28,85.8
2025-08-18,30.3,134.77,78.5
2025-08-19,28.8,19.4,80.9
2025-08-20,30.9,0.0,79.9
2025-08-21,29.3,0.0,84.9
2025-08-22,31.0,0.0,87.0
2025-08-23,29.3,5.81,77.6
2025-08-24,29.2,2.69,77.6
2025-08-25,29.8,0.0,85.5
2025-08-26,30.6,0.0,84.5
2025-08-27,30.0,15.56,83.2
2025-08-28,28.1,34.65,88.3
2025-08-29,30.7,27.26,82.6
2025-08-30,28.8,25.36,80.1
2025-08-31,27.8,40.78,75.9
2025-09-01,27.5,0.0,78.6
2025-09-02,30.9,0.0,83.0
2025-09-03,31.1,0.0,82.8
2025-09-04,28.6,2.07,75.0
2025-09-05,28.9,0.0,73.1
2025-09-06,29.1,0.11,68.4
2025-09-07,27.7,60.25,76.7
2025-09-08,29.2,0.0,81.5
2025-09-09,29.6,5.19,80.4
2025-09-10,28.5,10.26,77.1
2025-09-11,29.2,0.0,72.9
2025-09-12,28.4,1.82,85.2
2025-09-13,30.0,8.36,76.7
2025-09-14,27.7,0.0,76.1
2025-09-15,28.2,123.45,82.3
2025-09-16,30.3,7.05,82.0
2025-09-17,28.8,0.0,76.9
2025-09-18,31.3,0.0,69.9
2025-09-19,29.3,12.44,78.6
2025-09-20,29.8,0.86,79.1
2025-09-21,29.1,8.91,73.8
2025-09-22,27.5,8.07,82.3
2025-09-23,29.4,15.08,72.6
2025-09-24,27.1,0.0,76.7
2025-09-25,26.3,26.41,70.9
2025-09-26,28.6,0.3,71.6
2025-09-27,29.2,18.48,76.5
2025-09-28,29.5,7.66,80.7
2025-09-29,28.5,7.34,65.3
2025-09-30,27.8,27.0,80.6
2025-10-01,27.7,0.0,75.1
2025-10-02,28.4,3.61,64.1
2025-10-03,28.9,1.78,69.1
2025-10-04,27.8,51.92,77.1
2025-10-05,28.4,0.0,64.0
2025-10-06,29.0,215.61,68.2
2025-10-07,29.0,0.0,76.4
2025-10-08,28.9,0.0,80.6
2025-10-09,28.5,8.09,64.1
2025-10-10,29.4,0.0,73.0
2025-10-11,26.4,0.0,76.4
2025-10-12,29.3,31.44,69.6
2025-10-13,27.4,6.46,69.3
2025-10-14,25.5,0.0,67.9
2025-10-15,27.4,0.0,71.8
2025-10-16,27.5,0.0,70.2
2025-10-17,25.6,0.0,67.8
2025-10-18,27.1,0.0,65.6
2025-10-19,24.5,0.0,74.6
2025-10-20,29.0,0.0,64.6
2025-10-21,26.7,0.0,69.2
2025-10-22,26.9,0.0,67.5
2025-10-23,28.0,0.0,72.4
2025-10-24,26.8,0.0,73.8
2025-10-25,25.3,0.0,69.2
2025-10-26,24.5,0.0,71.0
2025-10-27,27.5,0.0,66.2
2025-10-28,27.6,0.0,76.5
2025-10-29,26.1,0.0,65.4
2025-10-30,24.3,0.0,78.8
2025-10-31,26.9,0.0,61.7
2025-11-01,26.5,15.18,66.4
2025-11-02,27.2,0.0,69.1
2025-11-03,25.5,0.0,67.0
2025-11-04,24.0,0.0,56.4
2025-11-05,25.8,0.0,73.3
2025-11-06,27.3,0.0,65.8
2025-11-07,27.5,0.0,73.5
2025-11-08,25.9,0.0,65.4
2025-11-09,25.6,0.0,69.7
2025-11-10,24.2,0.0,72.2
2025-11-11,27.6,0.0,63.7
2025-11-12,25.7,0.0,71.9
2025-11-13,25.3,0.0,68.4
2025-11-14,25.1,0.0,66.5
2025-11-15,25.6,0.0,75.9
2025-11-16,26.6,0.0,75.7
2025-11-17,25.6,0.0,77.3
2025-11-18,27.6,0.0,68.0
2025-11-19,26.8,0.0,60.8
2025-11-20,26.4,0.0,59.9
2025-11-21,27.5,0.0,68.5
2025-11-22,24.6,0.0,64.5
2025-11-23,26.1,0.0,69.0
2025-11-24,26.8,0.0,65.4
2025-11-25,26.8,0.0,60.0
2025-11-26,25.4,0.0,67.5
2025-11-27,24.5,0.0,73.2
2025-11-28,23.7,0.0,65.7
2025-11-29,26.4,0.0,64.4
2025-11-30,25.7,0.0,61.3
2025-12-01,25.6,0.0,68.0
2025-12-02,26.0,0.0,69.0
2025-12-03,25.7,0.0,66.8
2025-12-04,25.2,0.0,69.2
2025-12-05,26.6,0.0,72.7
2025-12-06,24.2,0.0,69.8
2025-12-07,24.5,0.0,55.0
2025-12-08,24.2,0.0,72.8
2025-12-09,25.3,0.0,68.0
2025-12-10,26.4,0.0,61.0
2025-12-11,24.8,0.0,69.8
2025-12-12,25.9,0.0,63.5
2025-12-13,26.8,0.0,62.3
2025-12-14,27.8,0.0,68.8
2025-12-15,26.7,0.0,71.6
2025-12-16,25.2,0.0,73.7
2025-12-17,24.0,0.0,66.7
2025-12-18,22.9,0.0,68.8
2025-12-19,25.1,0.0,65.7
2025-12-20,25.9,0.0,62.9
2025-12-21,25.2,0.0,55.7
2025-12-22,28.0,0.0,71.8
2025-12-23,24.3,0.0,68.9
2025-12-24,25.1,0.0,70.0
2025-12-25,23.2,0.0,67.3
2025-12-26,27.1,0.0,70.4
2025-12-27,25.1,0.0,64.6
2025-12-28,23.7,0.0,73.5
2025-12-29,25.6,0.0,73.0
2025-12-30,27.5,0.0,74.6
2025-12-31,28.1,0.0,63.5
