item_id,timestamp,temperature_predicted_mean,voc_predicted_mean
NODE-001,17-09-2026 11:04,30.0007515,459
NODE-001,17-09-2026 11:05,30.00114822,459
NODE-001,17-09-2026 11:05,30.00154495,459
NODE-001,17-09-2026 11:05,30.00194168,459
NODE-001,17-09-2026 11:05,30.00233841,459
NODE-001,17-09-2026 11:05,30.00294876,459
NODE-001,17-09-2026 11:05,30.00415039,459
NODE-001,17-09-2026 11:05,30.00477219,459
NODE-001,17-09-2026 11:05,30.00504303,459
NODE-001,17-09-2026 11:05,30.00531387,459
NODE-001,17-09-2026 11:05,30.00558472,459
NODE-001,17-09-2026 11:05,30.00585556,459
NODE-001,17-09-2026 11:05,30.00660706,459
NODE-001,17-09-2026 11:06,30.00700378,459
NODE-001,17-09-2026 11:06,30.00740051,459
NODE-001,17-09-2026 11:06,30.00779724,459
NODE-001,17-09-2026 11:06,30.00819397,459
NODE-001,17-09-2026 11:06,30.00880432,459
NODE-001,17-09-2026 11:06,30.01000595,459
NODE-001,17-09-2026 11:06,30.01062775,459
NODE-001,17-09-2026 11:06,30.01089859,459
NODE-001,17-09-2026 11:06,30.01116943,459
NODE-001,17-09-2026 11:06,30.01144028,459
NODE-001,17-09-2026 11:06,30.01171112,459
